,election_year,election_round,place_(zz_=_exterior),municipality_code,municipality_name,office,party_initials,party_number,party_name,number_of_votes
1,2006,1,ZZ,98787,AFRICA DO SUL,PRESIDENTE,PT,13,PARTIDO DOS TRABALHADORES,276
2,2006,2,ZZ,98787,AFRICA DO SUL,PRESIDENTE,PT,13,PARTIDO DOS TRABALHADORES,196
3,2006,2,ZZ,98787,AFRICA DO SUL,PRESIDENTE,PSDB,45,PARTIDO DA SOCIAL DEMOCRACIA BRASILEIRA,516
4,2006,1,ZZ,98787,AFRICA DO SUL,PRESIDENTE,PSDB,45,PARTIDO DA SOCIAL DEMOCRACIA BRASILEIRA,488
5,2006,1,ZZ,98787,AFRICA DO SUL,PRESIDENTE,PSOL,50,PARTIDO SOCIALISMO E LIBERDADE,17
6,2006,1,ZZ,98787,AFRICA DO SUL,PRESIDENTE,PDT,12,PARTIDO DEMOCRATICO TRABALHISTA,11
7,2006,1,ZZ,98787,AFRICA DO SUL,PRESIDENTE,PSDC,27,PARTIDO SOCIAL DEMOCRATA CRISTAO,1
8,2006,1,ZZ,98787,AFRICA DO SUL,PRESIDENTE,PSL,17,PARTIDO SOCIAL LIBERAL,1
9,2006,2,ZZ,11100,ALEMANHA,PRESIDENTE,PT,13,PARTIDO DOS TRABALHADORES,2288
10,2006,1,ZZ,11100,ALEMANHA,PRESIDENTE,PT,13,PARTIDO DOS TRABALHADORES,2064
11,2006,2,ZZ,11100,ALEMANHA,PRESIDENTE,PSDB,45,PARTIDO DA SOCIAL DEMOCRACIA BRASILEIRA,2816
12,2006,1,ZZ,11100,ALEMANHA,PRESIDENTE,PSDB,45,PARTIDO DA SOCIAL DEMOCRACIA BRASILEIRA,2388
13,2006,1,ZZ,11100,ALEMANHA,PRESIDENTE,PSOL,50,PARTIDO SOCIALISMO E LIBERDADE,96
14,2006,1,ZZ,11100,ALEMANHA,PRESIDENTE,PDT,12,PARTIDO DEMOCRATICO TRABALHISTA,63
15,2006,1,ZZ,11100,ALEMANHA,PRESIDENTE,PRP,44,PARTIDO REPUBLICANO PROGRESSISTA,25
16,2006,1,ZZ,11100,ALEMANHA,PRESIDENTE,PSDC,27,PARTIDO SOCIAL DEMOCRATA CRISTAO,4
17,2006,1,ZZ,11100,ALEMANHA,PRESIDENTE,PSL,17,PARTIDO SOCIAL LIBERAL,6
18,2006,2,ZZ,98965,ANGOLA,PRESIDENTE,PT,13,PARTIDO DOS TRABALHADORES,460
19,2006,1,ZZ,98965,ANGOLA,PRESIDENTE,PT,13,PARTIDO DOS TRABALHADORES,420
20,2006,1,ZZ,98965,ANGOLA,PRESIDENTE,PSDB,45,PARTIDO DA SOCIAL DEMOCRACIA BRASILEIRA,236
21,2006,2,ZZ,98965,ANGOLA,PRESIDENTE,PSDB,45,PARTIDO DA SOCIAL DEMOCRACIA BRASILEIRA,268
22,2006,1,ZZ,98965,ANGOLA,PRESIDENTE,PSOL,50,PARTIDO SOCIALISMO E LIBERDADE,13
23,2006,1,ZZ,98965,ANGOLA,PRESIDENTE,PDT,12,PARTIDO DEMOCRATICO TRABALHISTA,11
24,2006,1,ZZ,98965,ANGOLA,PRESIDENTE,PRP,44,PARTIDO REPUBLICANO PROGRESSISTA,3
25,2006,1,ZZ,98965,ANGOLA,PRESIDENTE,PSL,17,PARTIDO SOCIAL LIBERAL,1
26,2006,1,ZZ,11126,ARABIA SAUDITA,PRESIDENTE,PT,13,PARTIDO DOS TRABALHADORES,12
27,2006,2,ZZ,11126,ARABIA SAUDITA,PRESIDENTE,PT,13,PARTIDO DOS TRABALHADORES,16
28,2006,2,ZZ,11126,ARABIA SAUDITA,PRESIDENTE,PSDB,45,PARTIDO DA SOCIAL DEMOCRACIA BRASILEIRA,64
29,2006,1,ZZ,11126,ARABIA SAUDITA,PRESIDENTE,PSDB,45,PARTIDO DA SOCIAL DEMOCRACIA BRASILEIRA,52
30,2006,1,ZZ,11126,ARABIA SAUDITA,PRESIDENTE,PSOL,50,PARTIDO SOCIALISMO E LIBERDADE,2
31,2006,1,ZZ,11126,ARABIA SAUDITA,PRESIDENTE,PRP,44,PARTIDO REPUBLICANO PROGRESSISTA,1
32,2006,2,ZZ,11142,ARGENTINA,PRESIDENTE,PT,13,PARTIDO DOS TRABALHADORES,2172
33,2006,1,ZZ,11142,ARGENTINA,PRESIDENTE,PT,13,PARTIDO DOS TRABALHADORES,1996
34,2006,2,ZZ,11142,ARGENTINA,PRESIDENTE,PSDB,45,PARTIDO DA SOCIAL DEMOCRACIA BRASILEIRA,1872
35,2006,1,ZZ,11142,ARGENTINA,PRESIDENTE,PSDB,45,PARTIDO DA SOCIAL DEMOCRACIA BRASILEIRA,1536
36,2006,1,ZZ,11142,ARGENTINA,PRESIDENTE,PSOL,50,PARTIDO SOCIALISMO E LIBERDADE,83
37,2006,1,ZZ,11142,ARGENTINA,PRESIDENTE,PDT,12,PARTIDO DEMOCRATICO TRABALHISTA,51
38,2006,1,ZZ,11142,ARGENTINA,PRESIDENTE,PRP,44,PARTIDO REPUBLICANO PROGRESSISTA,18
39,2006,1,ZZ,11142,ARGENTINA,PRESIDENTE,PSDC,27,PARTIDO SOCIAL DEMOCRATA CRISTAO,3
40,2006,1,ZZ,11142,ARGENTINA,PRESIDENTE,PSL,17,PARTIDO SOCIAL LIBERAL,1
41,2006,1,ZZ,98981,AUSTRALIA,PRESIDENTE,PT,13,PARTIDO DOS TRABALHADORES,408
42,2006,2,ZZ,98981,AUSTRALIA,PRESIDENTE,PT,13,PARTIDO DOS TRABALHADORES,464
43,2006,2,ZZ,98981,AUSTRALIA,PRESIDENTE,PSDB,45,PARTIDO DA SOCIAL DEMOCRACIA BRASILEIRA,724
44,2006,1,ZZ,98981,AUSTRALIA,PRESIDENTE,PSDB,45,PARTIDO DA SOCIAL DEMOCRACIA BRASILEIRA,484
45,2006,1,ZZ,98981,AUSTRALIA,PRESIDENTE,PSOL,50,PARTIDO SOCIALISMO E LIBERDADE,39
46,2006,1,ZZ,98981,AUSTRALIA,PRESIDENTE,PDT,12,PARTIDO DEMOCRATICO TRABALHISTA,21
47,2006,1,ZZ,98981,AUSTRALIA,PRESIDENTE,PRP,44,PARTIDO REPUBLICANO PROGRESSISTA,6
48,2006,1,ZZ,98981,AUSTRALIA,PRESIDENTE,PSDC,27,PARTIDO SOCIAL DEMOCRATA CRISTAO,2
49,2006,1,ZZ,98981,AUSTRALIA,PRESIDENTE,PSL,17,PARTIDO SOCIAL LIBERAL,4
50,2006,2,ZZ,98949,AUSTRIA,PRESIDENTE,PT,13,PARTIDO DOS TRABALHADORES,512
51,2006,1,ZZ,98949,AUSTRIA,PRESIDENTE,PT,13,PARTIDO DOS TRABALHADORES,424
52,2006,2,ZZ,98949,AUSTRIA,PRESIDENTE,PSDB,45,PARTIDO DA SOCIAL DEMOCRACIA BRASILEIRA,596
53,2006,1,ZZ,98949,AUSTRIA,PRESIDENTE,PSDB,45,PARTIDO DA SOCIAL DEMOCRACIA BRASILEIRA,456
54,2006,1,ZZ,98949,AUSTRIA,PRESIDENTE,PSOL,50,PARTIDO SOCIALISMO E LIBERDADE,27
55,2006,1,ZZ,98949,AUSTRIA,PRESIDENTE,PDT,12,PARTIDO DEMOCRATICO TRABALHISTA,28
56,2006,1,ZZ,98949,AUSTRIA,PRESIDENTE,PRP,44,PARTIDO REPUBLICANO PROGRESSISTA,4
57,2006,1,ZZ,98949,AUSTRIA,PRESIDENTE,PSDC,27,PARTIDO SOCIAL DEMOCRATA CRISTAO,2
58,2006,2,ZZ,98922,BELGICA,PRESIDENTE,PT,13,PARTIDO DOS TRABALHADORES,1076
59,2006,1,ZZ,98922,BELGICA,PRESIDENTE,PT,13,PARTIDO DOS TRABALHADORES,1032
60,2006,2,ZZ,98922,BELGICA,PRESIDENTE,PSDB,45,PARTIDO DA SOCIAL DEMOCRACIA BRASILEIRA,644
61,2006,1,ZZ,98922,BELGICA,PRESIDENTE,PSDB,45,PARTIDO DA SOCIAL DEMOCRACIA BRASILEIRA,536
62,2006,1,ZZ,98922,BELGICA,PRESIDENTE,PSOL,50,PARTIDO SOCIALISMO E LIBERDADE,30
63,2006,1,ZZ,98922,BELGICA,PRESIDENTE,PDT,12,PARTIDO DEMOCRATICO TRABALHISTA,24
64,2006,1,ZZ,98922,BELGICA,PRESIDENTE,PRP,44,PARTIDO REPUBLICANO PROGRESSISTA,12
65,2006,1,ZZ,98922,BELGICA,PRESIDENTE,PSDC,27,PARTIDO SOCIAL DEMOCRATA CRISTAO,3
66,2006,1,ZZ,98922,BELGICA,PRESIDENTE,PSL,17,PARTIDO SOCIAL LIBERAL,2
67,2006,2,ZZ,11800,BOLIVIA,PRESIDENTE,PT,13,PARTIDO DOS TRABALHADORES,952
68,2006,1,ZZ,11800,BOLIVIA,PRESIDENTE,PT,13,PARTIDO DOS TRABALHADORES,824
69,2006,2,ZZ,11800,BOLIVIA,PRESIDENTE,PSDB,45,PARTIDO DA SOCIAL DEMOCRACIA BRASILEIRA,1460
70,2006,1,ZZ,11800,BOLIVIA,PRESIDENTE,PSDB,45,PARTIDO DA SOCIAL DEMOCRACIA BRASILEIRA,1392
71,2006,1,ZZ,11800,BOLIVIA,PRESIDENTE,PSOL,50,PARTIDO SOCIALISMO E LIBERDADE,40
72,2006,1,ZZ,11800,BOLIVIA,PRESIDENTE,PDT,12,PARTIDO DEMOCRATICO TRABALHISTA,17
73,2006,1,ZZ,11800,BOLIVIA,PRESIDENTE,PRP,44,PARTIDO REPUBLICANO PROGRESSISTA,12
74,2006,1,ZZ,11800,BOLIVIA,PRESIDENTE,PSL,17,PARTIDO SOCIAL LIBERAL,2
75,2006,1,ZZ,98604,CABO VERDE,PRESIDENTE,PT,13,PARTIDO DOS TRABALHADORES,104
76,2006,2,ZZ,98604,CABO VERDE,PRESIDENTE,PT,13,PARTIDO DOS TRABALHADORES,144
77,2006,2,ZZ,98604,CABO VERDE,PRESIDENTE,PSDB,45,PARTIDO DA SOCIAL DEMOCRACIA BRASILEIRA,32
78,2006,1,ZZ,98604,CABO VERDE,PRESIDENTE,PSDB,45,PARTIDO DA SOCIAL DEMOCRACIA BRASILEIRA,36
79,2006,1,ZZ,98604,CABO VERDE,PRESIDENTE,PSOL,50,PARTIDO SOCIALISMO E LIBERDADE,6
80,2006,1,ZZ,98604,CABO VERDE,PRESIDENTE,PDT,12,PARTIDO DEMOCRATICO TRABALHISTA,3
81,2006,2,ZZ,98906,CANADA,PRESIDENTE,PT,13,PARTIDO DOS TRABALHADORES,2272
82,2006,1,ZZ,98906,CANADA,PRESIDENTE,PT,13,PARTIDO DOS TRABALHADORES,1876
83,2006,1,ZZ,98906,CANADA,PRESIDENTE,PSDB,45,PARTIDO DA SOCIAL DEMOCRACIA BRASILEIRA,3124
84,2006,2,ZZ,98906,CANADA,PRESIDENTE,PSDB,45,PARTIDO DA SOCIAL DEMOCRACIA BRASILEIRA,3692
85,2006,1,ZZ,98906,CANADA,PRESIDENTE,PSOL,50,PARTIDO SOCIALISMO E LIBERDADE,119
86,2006,1,ZZ,98906,CANADA,PRESIDENTE,PDT,12,PARTIDO DEMOCRATICO TRABALHISTA,109
87,2006,1,ZZ,98906,CANADA,PRESIDENTE,PRP,44,PARTIDO REPUBLICANO PROGRESSISTA,12
88,2006,1,ZZ,98906,CANADA,PRESIDENTE,PSDC,27,PARTIDO SOCIAL DEMOCRATA CRISTAO,4
89,2006,1,ZZ,98906,CANADA,PRESIDENTE,PSL,17,PARTIDO SOCIAL LIBERAL,6
90,2006,2,ZZ,98566,CHECOSLOVAQUIA,PRESIDENTE,PT,13,PARTIDO DOS TRABALHADORES,56
91,2006,1,ZZ,98566,CHECOSLOVAQUIA,PRESIDENTE,PT,13,PARTIDO DOS TRABALHADORES,52
92,2006,1,ZZ,98566,CHECOSLOVAQUIA,PRESIDENTE,PSDB,45,PARTIDO DA SOCIAL DEMOCRACIA BRASILEIRA,52
93,2006,2,ZZ,98566,CHECOSLOVAQUIA,PRESIDENTE,PSDB,45,PARTIDO DA SOCIAL DEMOCRACIA BRASILEIRA,88
94,2006,1,ZZ,98566,CHECOSLOVAQUIA,PRESIDENTE,PSOL,50,PARTIDO SOCIALISMO E LIBERDADE,4
95,2006,1,ZZ,98566,CHECOSLOVAQUIA,PRESIDENTE,PDT,12,PARTIDO DEMOCRATICO TRABALHISTA,3
96,2006,1,ZZ,11169,CHILE,PRESIDENTE,PT,13,PARTIDO DOS TRABALHADORES,836
97,2006,2,ZZ,11169,CHILE,PRESIDENTE,PT,13,PARTIDO DOS TRABALHADORES,944
98,2006,2,ZZ,11169,CHILE,PRESIDENTE,PSDB,45,PARTIDO DA SOCIAL DEMOCRACIA BRASILEIRA,1640
99,2006,1,ZZ,11169,CHILE,PRESIDENTE,PSDB,45,PARTIDO DA SOCIAL DEMOCRACIA BRASILEIRA,1472
100,2006,1,ZZ,11169,CHILE,PRESIDENTE,PSOL,50,PARTIDO SOCIALISMO E LIBERDADE,40
101,2006,1,ZZ,11169,CHILE,PRESIDENTE,PDT,12,PARTIDO DEMOCRATICO TRABALHISTA,26
102,2006,1,ZZ,11169,CHILE,PRESIDENTE,PRP,44,PARTIDO REPUBLICANO PROGRESSISTA,14
103,2006,1,ZZ,11169,CHILE,PRESIDENTE,PSDC,27,PARTIDO SOCIAL DEMOCRATA CRISTAO,2
104,2006,1,ZZ,11169,CHILE,PRESIDENTE,PSL,17,PARTIDO SOCIAL LIBERAL,4
105,2006,2,ZZ,98540,CHINA,PRESIDENTE,PT,13,PARTIDO DOS TRABALHADORES,48
106,2006,1,ZZ,98540,CHINA,PRESIDENTE,PT,13,PARTIDO DOS TRABALHADORES,32
107,2006,1,ZZ,98540,CHINA,PRESIDENTE,PSDB,45,PARTIDO DA SOCIAL DEMOCRACIA BRASILEIRA,80
108,2006,2,ZZ,98540,CHINA,PRESIDENTE,PSDB,45,PARTIDO DA SOCIAL DEMOCRACIA BRASILEIRA,184
109,2006,1,ZZ,98540,CHINA,PRESIDENTE,PSOL,50,PARTIDO SOCIALISMO E LIBERDADE,4
110,2006,1,ZZ,98540,CHINA,PRESIDENTE,PDT,12,PARTIDO DEMOCRATICO TRABALHISTA,3
111,2006,1,ZZ,98523,CINGAPURA,PRESIDENTE,PT,13,PARTIDO DOS TRABALHADORES,84
112,2006,2,ZZ,98523,CINGAPURA,PRESIDENTE,PT,13,PARTIDO DOS TRABALHADORES,88
113,2006,1,ZZ,98523,CINGAPURA,PRESIDENTE,PSDB,45,PARTIDO DA SOCIAL DEMOCRACIA BRASILEIRA,300
114,2006,2,ZZ,98523,CINGAPURA,PRESIDENTE,PSDB,45,PARTIDO DA SOCIAL DEMOCRACIA BRASILEIRA,276
115,2006,1,ZZ,98523,CINGAPURA,PRESIDENTE,PSOL,50,PARTIDO SOCIALISMO E LIBERDADE,1
116,2006,1,ZZ,98523,CINGAPURA,PRESIDENTE,PDT,12,PARTIDO DEMOCRATICO TRABALHISTA,3
117,2006,1,ZZ,98523,CINGAPURA,PRESIDENTE,PRP,44,PARTIDO REPUBLICANO PROGRESSISTA,2
118,2006,1,ZZ,98523,CINGAPURA,PRESIDENTE,PSDC,27,PARTIDO SOCIAL DEMOCRATA CRISTAO,1
119,2006,1,ZZ,11185,COLOMBIA,PRESIDENTE,PT,13,PARTIDO DOS TRABALHADORES,172
120,2006,2,ZZ,11185,COLOMBIA,PRESIDENTE,PT,13,PARTIDO DOS TRABALHADORES,176
121,2006,2,ZZ,11185,COLOMBIA,PRESIDENTE,PSDB,45,PARTIDO DA SOCIAL DEMOCRACIA BRASILEIRA,436
122,2006,1,ZZ,11185,COLOMBIA,PRESIDENTE,PSDB,45,PARTIDO DA SOCIAL DEMOCRACIA BRASILEIRA,396
123,2006,1,ZZ,11185,COLOMBIA,PRESIDENTE,PSOL,50,PARTIDO SOCIALISMO E LIBERDADE,7
124,2006,1,ZZ,11185,COLOMBIA,PRESIDENTE,PDT,12,PARTIDO DEMOCRATICO TRABALHISTA,7
125,2006,1,ZZ,11185,COLOMBIA,PRESIDENTE,PRP,44,PARTIDO REPUBLICANO PROGRESSISTA,1
126,2006,1,ZZ,11185,COLOMBIA,PRESIDENTE,PSDC,27,PARTIDO SOCIAL DEMOCRATA CRISTAO,1
127,2006,1,ZZ,11207,COREIA,PRESIDENTE,PT,13,PARTIDO DOS TRABALHADORES,56
128,2006,2,ZZ,11207,COREIA,PRESIDENTE,PT,13,PARTIDO DOS TRABALHADORES,56
129,2006,2,ZZ,11207,COREIA,PRESIDENTE,PSDB,45,PARTIDO DA SOCIAL DEMOCRACIA BRASILEIRA,84
130,2006,1,ZZ,11207,COREIA,PRESIDENTE,PSDB,45,PARTIDO DA SOCIAL DEMOCRACIA BRASILEIRA,52
131,2006,1,ZZ,11207,COREIA,PRESIDENTE,PDT,12,PARTIDO DEMOCRATICO TRABALHISTA,6
132,2006,1,ZZ,11207,COREIA,PRESIDENTE,PRP,44,PARTIDO REPUBLICANO PROGRESSISTA,1
133,2006,1,ZZ,98582,COSTA DO MARFIM,PRESIDENTE,PT,13,PARTIDO DOS TRABALHADORES,84
134,2006,2,ZZ,98582,COSTA DO MARFIM,PRESIDENTE,PT,13,PARTIDO DOS TRABALHADORES,80
135,2006,1,ZZ,98582,COSTA DO MARFIM,PRESIDENTE,PSDB,45,PARTIDO DA SOCIAL DEMOCRACIA BRASILEIRA,8
136,2006,2,ZZ,98582,COSTA DO MARFIM,PRESIDENTE,PSDB,45,PARTIDO DA SOCIAL DEMOCRACIA BRASILEIRA,16
137,2006,1,ZZ,98582,COSTA DO MARFIM,PRESIDENTE,PSOL,50,PARTIDO SOCIALISMO E LIBERDADE,1
138,2006,1,ZZ,98507,COSTA RICA,PRESIDENTE,PT,13,PARTIDO DOS TRABALHADORES,128
139,2006,2,ZZ,98507,COSTA RICA,PRESIDENTE,PT,13,PARTIDO DOS TRABALHADORES,260
140,2006,2,ZZ,98507,COSTA RICA,PRESIDENTE,PSDB,45,PARTIDO DA SOCIAL DEMOCRACIA BRASILEIRA,144
141,2006,1,ZZ,98507,COSTA RICA,PRESIDENTE,PSDB,45,PARTIDO DA SOCIAL DEMOCRACIA BRASILEIRA,240
142,2006,1,ZZ,98507,COSTA RICA,PRESIDENTE,PSOL,50,PARTIDO SOCIALISMO E LIBERDADE,5
143,2006,1,ZZ,98507,COSTA RICA,PRESIDENTE,PDT,12,PARTIDO DEMOCRATICO TRABALHISTA,3
144,2006,1,ZZ,98507,COSTA RICA,PRESIDENTE,PRP,44,PARTIDO REPUBLICANO PROGRESSISTA,2
145,2006,1,ZZ,98868,CUBA,PRESIDENTE,PT,13,PARTIDO DOS TRABALHADORES,908
146,2006,2,ZZ,98868,CUBA,PRESIDENTE,PT,13,PARTIDO DOS TRABALHADORES,984
147,2006,2,ZZ,98868,CUBA,PRESIDENTE,PSDB,45,PARTIDO DA SOCIAL DEMOCRACIA BRASILEIRA,48
148,2006,1,ZZ,98868,CUBA,PRESIDENTE,PSDB,45,PARTIDO DA SOCIAL DEMOCRACIA BRASILEIRA,40
149,2006,1,ZZ,98868,CUBA,PRESIDENTE,PSOL,50,PARTIDO SOCIALISMO E LIBERDADE,12
150,2006,1,ZZ,98868,CUBA,PRESIDENTE,PDT,12,PARTIDO DEMOCRATICO TRABALHISTA,6
151,2006,1,ZZ,98485,DINAMARCA,PRESIDENTE,PT,13,PARTIDO DOS TRABALHADORES,500
152,2006,2,ZZ,98485,DINAMARCA,PRESIDENTE,PT,13,PARTIDO DOS TRABALHADORES,536
153,2006,1,ZZ,98485,DINAMARCA,PRESIDENTE,PSDB,45,PARTIDO DA SOCIAL DEMOCRACIA BRASILEIRA,348
154,2006,2,ZZ,98485,DINAMARCA,PRESIDENTE,PSDB,45,PARTIDO DA SOCIAL DEMOCRACIA BRASILEIRA,408
155,2006,1,ZZ,98485,DINAMARCA,PRESIDENTE,PSOL,50,PARTIDO SOCIALISMO E LIBERDADE,33
156,2006,1,ZZ,98485,DINAMARCA,PRESIDENTE,PDT,12,PARTIDO DEMOCRATICO TRABALHISTA,16
157,2006,1,ZZ,98485,DINAMARCA,PRESIDENTE,PRP,44,PARTIDO REPUBLICANO PROGRESSISTA,7
158,2006,1,ZZ,98485,DINAMARCA,PRESIDENTE,PSDC,27,PARTIDO SOCIAL DEMOCRATA CRISTAO,1
159,2006,1,ZZ,98086,EGITO,PRESIDENTE,PT,13,PARTIDO DOS TRABALHADORES,140
160,2006,2,ZZ,98086,EGITO,PRESIDENTE,PT,13,PARTIDO DOS TRABALHADORES,160
161,2006,1,ZZ,98086,EGITO,PRESIDENTE,PSDB,45,PARTIDO DA SOCIAL DEMOCRACIA BRASILEIRA,92
162,2006,2,ZZ,98086,EGITO,PRESIDENTE,PSDB,45,PARTIDO DA SOCIAL DEMOCRACIA BRASILEIRA,100
163,2006,1,ZZ,98086,EGITO,PRESIDENTE,PSOL,50,PARTIDO SOCIALISMO E LIBERDADE,3
164,2006,1,ZZ,98086,EGITO,PRESIDENTE,PDT,12,PARTIDO DEMOCRATICO TRABALHISTA,9
165,2006,1,ZZ,98086,EGITO,PRESIDENTE,PRP,44,PARTIDO REPUBLICANO PROGRESSISTA,4
166,2006,2,ZZ,98469,EL SALVADOR,PRESIDENTE,PT,13,PARTIDO DOS TRABALHADORES,232
167,2006,1,ZZ,98469,EL SALVADOR,PRESIDENTE,PT,13,PARTIDO DOS TRABALHADORES,216
168,2006,1,ZZ,98469,EL SALVADOR,PRESIDENTE,PSDB,45,PARTIDO DA SOCIAL DEMOCRACIA BRASILEIRA,160
169,2006,2,ZZ,98469,EL SALVADOR,PRESIDENTE,PSDB,45,PARTIDO DA SOCIAL DEMOCRACIA BRASILEIRA,196
170,2006,1,ZZ,98469,EL SALVADOR,PRESIDENTE,PSOL,50,PARTIDO SOCIALISMO E LIBERDADE,4
171,2006,1,ZZ,98469,EL SALVADOR,PRESIDENTE,PDT,12,PARTIDO DEMOCRATICO TRABALHISTA,8
172,2006,1,ZZ,98469,EL SALVADOR,PRESIDENTE,PRP,44,PARTIDO REPUBLICANO PROGRESSISTA,2
173,2006,1,ZZ,98469,EL SALVADOR,PRESIDENTE,PSDC,27,PARTIDO SOCIAL DEMOCRATA CRISTAO,1
174,2006,1,ZZ,98469,EL SALVADOR,PRESIDENTE,PSL,17,PARTIDO SOCIAL LIBERAL,1
175,2006,2,ZZ,98728,EMIRADOS ARABES,PRESIDENTE,PT,13,PARTIDO DOS TRABALHADORES,8
176,2006,1,ZZ,98728,EMIRADOS ARABES,PRESIDENTE,PT,13,PARTIDO DOS TRABALHADORES,12
177,2006,1,ZZ,98728,EMIRADOS ARABES,PRESIDENTE,PSDB,45,PARTIDO DA SOCIAL DEMOCRACIA BRASILEIRA,16
178,2006,2,ZZ,98728,EMIRADOS ARABES,PRESIDENTE,PSDB,45,PARTIDO DA SOCIAL DEMOCRACIA BRASILEIRA,12
179,2006,1,ZZ,98728,EMIRADOS ARABES,PRESIDENTE,PRP,44,PARTIDO REPUBLICANO PROGRESSISTA,1
180,2006,1,ZZ,11223,EQUADOR,PRESIDENTE,PT,13,PARTIDO DOS TRABALHADORES,156
181,2006,2,ZZ,11223,EQUADOR,PRESIDENTE,PT,13,PARTIDO DOS TRABALHADORES,208
182,2006,1,ZZ,11223,EQUADOR,PRESIDENTE,PSDB,45,PARTIDO DA SOCIAL DEMOCRACIA BRASILEIRA,356
183,2006,2,ZZ,11223,EQUADOR,PRESIDENTE,PSDB,45,PARTIDO DA SOCIAL DEMOCRACIA BRASILEIRA,340
184,2006,1,ZZ,11223,EQUADOR,PRESIDENTE,PSOL,50,PARTIDO SOCIALISMO E LIBERDADE,11
185,2006,1,ZZ,11223,EQUADOR,PRESIDENTE,PDT,12,PARTIDO DEMOCRATICO TRABALHISTA,6
186,2006,1,ZZ,11223,EQUADOR,PRESIDENTE,PSL,17,PARTIDO SOCIAL LIBERAL,1
187,2006,1,ZZ,11240,ESPANHA,PRESIDENTE,PT,13,PARTIDO DOS TRABALHADORES,1344
188,2006,2,ZZ,11240,ESPANHA,PRESIDENTE,PT,13,PARTIDO DOS TRABALHADORES,1608
189,2006,1,ZZ,11240,ESPANHA,PRESIDENTE,PSDB,45,PARTIDO DA SOCIAL DEMOCRACIA BRASILEIRA,956
190,2006,2,ZZ,11240,ESPANHA,PRESIDENTE,PSDB,45,PARTIDO DA SOCIAL DEMOCRACIA BRASILEIRA,1216
191,2006,1,ZZ,11240,ESPANHA,PRESIDENTE,PSOL,50,PARTIDO SOCIALISMO E LIBERDADE,56
192,2006,1,ZZ,11240,ESPANHA,PRESIDENTE,PDT,12,PARTIDO DEMOCRATICO TRABALHISTA,45
193,2006,1,ZZ,11240,ESPANHA,PRESIDENTE,PRP,44,PARTIDO REPUBLICANO PROGRESSISTA,7
194,2006,1,ZZ,11240,ESPANHA,PRESIDENTE,PSDC,27,PARTIDO SOCIAL DEMOCRATA CRISTAO,2
195,2006,1,ZZ,11240,ESPANHA,PRESIDENTE,PSL,17,PARTIDO SOCIAL LIBERAL,1
196,2006,1,ZZ,11266,ESTADOS UNIDOS,PRESIDENTE,PT,13,PARTIDO DOS TRABALHADORES,15296
197,2006,2,ZZ,11266,ESTADOS UNIDOS,PRESIDENTE,PT,13,PARTIDO DOS TRABALHADORES,18808
198,2006,2,ZZ,11266,ESTADOS UNIDOS,PRESIDENTE,PSDB,45,PARTIDO DA SOCIAL DEMOCRACIA BRASILEIRA,33508
199,2006,1,ZZ,11266,ESTADOS UNIDOS,PRESIDENTE,PSDB,45,PARTIDO DA SOCIAL DEMOCRACIA BRASILEIRA,28080
200,2006,1,ZZ,11266,ESTADOS UNIDOS,PRESIDENTE,PSOL,50,PARTIDO SOCIALISMO E LIBERDADE,1371
201,2006,1,ZZ,11266,ESTADOS UNIDOS,PRESIDENTE,PDT,12,PARTIDO DEMOCRATICO TRABALHISTA,685
202,2006,1,ZZ,11266,ESTADOS UNIDOS,PRESIDENTE,PRP,44,PARTIDO REPUBLICANO PROGRESSISTA,173
203,2006,1,ZZ,11266,ESTADOS UNIDOS,PRESIDENTE,PSDC,27,PARTIDO SOCIAL DEMOCRATA CRISTAO,27
204,2006,1,ZZ,11266,ESTADOS UNIDOS,PRESIDENTE,PSL,17,PARTIDO SOCIAL LIBERAL,37
205,2006,2,ZZ,98442,FILIPINAS,PRESIDENTE,PT,13,PARTIDO DOS TRABALHADORES,104
206,2006,1,ZZ,98442,FILIPINAS,PRESIDENTE,PT,13,PARTIDO DOS TRABALHADORES,84
207,2006,1,ZZ,98442,FILIPINAS,PRESIDENTE,PSDB,45,PARTIDO DA SOCIAL DEMOCRACIA BRASILEIRA,36
208,2006,2,ZZ,98442,FILIPINAS,PRESIDENTE,PSDB,45,PARTIDO DA SOCIAL DEMOCRACIA BRASILEIRA,24
209,2006,1,ZZ,98442,FILIPINAS,PRESIDENTE,PSOL,50,PARTIDO SOCIALISMO E LIBERDADE,3
210,2006,1,ZZ,98442,FILIPINAS,PRESIDENTE,PRP,44,PARTIDO REPUBLICANO PROGRESSISTA,1
211,2006,1,ZZ,98426,FINLANDIA,PRESIDENTE,PT,13,PARTIDO DOS TRABALHADORES,132
212,2006,2,ZZ,98426,FINLANDIA,PRESIDENTE,PT,13,PARTIDO DOS TRABALHADORES,140
213,2006,2,ZZ,98426,FINLANDIA,PRESIDENTE,PSDB,45,PARTIDO DA SOCIAL DEMOCRACIA BRASILEIRA,180
214,2006,1,ZZ,98426,FINLANDIA,PRESIDENTE,PSDB,45,PARTIDO DA SOCIAL DEMOCRACIA BRASILEIRA,128
215,2006,1,ZZ,98426,FINLANDIA,PRESIDENTE,PSOL,50,PARTIDO SOCIALISMO E LIBERDADE,10
216,2006,1,ZZ,98426,FINLANDIA,PRESIDENTE,PDT,12,PARTIDO DEMOCRATICO TRABALHISTA,4
217,2006,1,ZZ,98426,FINLANDIA,PRESIDENTE,PRP,44,PARTIDO REPUBLICANO PROGRESSISTA,3
218,2006,2,ZZ,11282,FRANCA,PRESIDENTE,PT,13,PARTIDO DOS TRABALHADORES,2712
219,2006,1,ZZ,11282,FRANCA,PRESIDENTE,PT,13,PARTIDO DOS TRABALHADORES,2428
220,2006,2,ZZ,11282,FRANCA,PRESIDENTE,PSDB,45,PARTIDO DA SOCIAL DEMOCRACIA BRASILEIRA,1740
221,2006,1,ZZ,11282,FRANCA,PRESIDENTE,PSDB,45,PARTIDO DA SOCIAL DEMOCRACIA BRASILEIRA,1612
222,2006,1,ZZ,11282,FRANCA,PRESIDENTE,PSOL,50,PARTIDO SOCIALISMO E LIBERDADE,83
223,2006,1,ZZ,11282,FRANCA,PRESIDENTE,PDT,12,PARTIDO DEMOCRATICO TRABALHISTA,70
224,2006,1,ZZ,11282,FRANCA,PRESIDENTE,PRP,44,PARTIDO REPUBLICANO PROGRESSISTA,14
225,2006,1,ZZ,11282,FRANCA,PRESIDENTE,PSDC,27,PARTIDO SOCIAL DEMOCRATA CRISTAO,1
226,2006,1,ZZ,11282,FRANCA,PRESIDENTE,PSL,17,PARTIDO SOCIAL LIBERAL,1
227,2006,2,ZZ,98060,GABAO,PRESIDENTE,PT,13,PARTIDO DOS TRABALHADORES,28
228,2006,1,ZZ,98060,GABAO,PRESIDENTE,PT,13,PARTIDO DOS TRABALHADORES,36
229,2006,2,ZZ,98060,GABAO,PRESIDENTE,PSDB,45,PARTIDO DA SOCIAL DEMOCRACIA BRASILEIRA,28
230,2006,1,ZZ,98060,GABAO,PRESIDENTE,PSDB,45,PARTIDO DA SOCIAL DEMOCRACIA BRASILEIRA,28
231,2006,1,ZZ,98060,GABAO,PRESIDENTE,PSOL,50,PARTIDO SOCIALISMO E LIBERDADE,1
232,2006,1,ZZ,11827,GRECIA,PRESIDENTE,PT,13,PARTIDO DOS TRABALHADORES,276
233,2006,2,ZZ,11827,GRECIA,PRESIDENTE,PT,13,PARTIDO DOS TRABALHADORES,348
234,2006,2,ZZ,11827,GRECIA,PRESIDENTE,PSDB,45,PARTIDO DA SOCIAL DEMOCRACIA BRASILEIRA,184
235,2006,1,ZZ,11827,GRECIA,PRESIDENTE,PSDB,45,PARTIDO DA SOCIAL DEMOCRACIA BRASILEIRA,136
236,2006,1,ZZ,11827,GRECIA,PRESIDENTE,PSOL,50,PARTIDO SOCIALISMO E LIBERDADE,12
237,2006,1,ZZ,11827,GRECIA,PRESIDENTE,PDT,12,PARTIDO DEMOCRATICO TRABALHISTA,9
238,2006,1,ZZ,11827,GRECIA,PRESIDENTE,PRP,44,PARTIDO REPUBLICANO PROGRESSISTA,5
239,2006,1,ZZ,11827,GRECIA,PRESIDENTE,PSDC,27,PARTIDO SOCIAL DEMOCRATA CRISTAO,1
240,2006,1,ZZ,11827,GRECIA,PRESIDENTE,PSL,17,PARTIDO SOCIAL LIBERAL,1
241,2006,2,ZZ,98000,GUATEMALA,PRESIDENTE,PT,13,PARTIDO DOS TRABALHADORES,168
242,2006,1,ZZ,98000,GUATEMALA,PRESIDENTE,PT,13,PARTIDO DOS TRABALHADORES,156
243,2006,1,ZZ,98000,GUATEMALA,PRESIDENTE,PSDB,45,PARTIDO DA SOCIAL DEMOCRACIA BRASILEIRA,232
244,2006,2,ZZ,98000,GUATEMALA,PRESIDENTE,PSDB,45,PARTIDO DA SOCIAL DEMOCRACIA BRASILEIRA,208
245,2006,1,ZZ,98000,GUATEMALA,PRESIDENTE,PSOL,50,PARTIDO SOCIALISMO E LIBERDADE,3
246,2006,1,ZZ,98000,GUATEMALA,PRESIDENTE,PRP,44,PARTIDO REPUBLICANO PROGRESSISTA,4
247,2006,2,ZZ,11304,GUIANA,PRESIDENTE,PT,13,PARTIDO DOS TRABALHADORES,36
248,2006,1,ZZ,11304,GUIANA,PRESIDENTE,PT,13,PARTIDO DOS TRABALHADORES,56
249,2006,1,ZZ,11304,GUIANA,PRESIDENTE,PSDB,45,PARTIDO DA SOCIAL DEMOCRACIA BRASILEIRA,64
250,2006,2,ZZ,11304,GUIANA,PRESIDENTE,PSDB,45,PARTIDO DA SOCIAL DEMOCRACIA BRASILEIRA,80
251,2006,1,ZZ,11304,GUIANA,PRESIDENTE,PSOL,50,PARTIDO SOCIALISMO E LIBERDADE,3
252,2006,1,ZZ,11304,GUIANA,PRESIDENTE,PDT,12,PARTIDO DEMOCRATICO TRABALHISTA,1
253,2006,2,ZZ,11320,GUIANA FRANCESA,PRESIDENTE,PT,13,PARTIDO DOS TRABALHADORES,2556
254,2006,1,ZZ,11320,GUIANA FRANCESA,PRESIDENTE,PT,13,PARTIDO DOS TRABALHADORES,2232
255,2006,2,ZZ,11320,GUIANA FRANCESA,PRESIDENTE,PSDB,45,PARTIDO DA SOCIAL DEMOCRACIA BRASILEIRA,1480
256,2006,1,ZZ,11320,GUIANA FRANCESA,PRESIDENTE,PSDB,45,PARTIDO DA SOCIAL DEMOCRACIA BRASILEIRA,1480
257,2006,1,ZZ,11320,GUIANA FRANCESA,PRESIDENTE,PSOL,50,PARTIDO SOCIALISMO E LIBERDADE,80
258,2006,1,ZZ,11320,GUIANA FRANCESA,PRESIDENTE,PDT,12,PARTIDO DEMOCRATICO TRABALHISTA,16
259,2006,1,ZZ,11320,GUIANA FRANCESA,PRESIDENTE,PRP,44,PARTIDO REPUBLICANO PROGRESSISTA,9
260,2006,1,ZZ,11320,GUIANA FRANCESA,PRESIDENTE,PSDC,27,PARTIDO SOCIAL DEMOCRATA CRISTAO,1
261,2006,1,ZZ,11320,GUIANA FRANCESA,PRESIDENTE,PSL,17,PARTIDO SOCIAL LIBERAL,2
262,2006,2,ZZ,98027,GUINE BISSAU,PRESIDENTE,PT,13,PARTIDO DOS TRABALHADORES,168
263,2006,1,ZZ,98027,GUINE BISSAU,PRESIDENTE,PT,13,PARTIDO DOS TRABALHADORES,172
264,2006,1,ZZ,98027,GUINE BISSAU,PRESIDENTE,PSDB,45,PARTIDO DA SOCIAL DEMOCRACIA BRASILEIRA,60
265,2006,2,ZZ,98027,GUINE BISSAU,PRESIDENTE,PSDB,45,PARTIDO DA SOCIAL DEMOCRACIA BRASILEIRA,108
266,2006,1,ZZ,98027,GUINE BISSAU,PRESIDENTE,PSOL,50,PARTIDO SOCIALISMO E LIBERDADE,7
267,2006,1,ZZ,98027,GUINE BISSAU,PRESIDENTE,PDT,12,PARTIDO DEMOCRATICO TRABALHISTA,2
268,2006,1,ZZ,29246,HAITI,PRESIDENTE,PT,13,PARTIDO DOS TRABALHADORES,48
269,2006,2,ZZ,29246,HAITI,PRESIDENTE,PT,13,PARTIDO DOS TRABALHADORES,72
270,2006,2,ZZ,29246,HAITI,PRESIDENTE,PSDB,45,PARTIDO DA SOCIAL DEMOCRACIA BRASILEIRA,28
271,2006,1,ZZ,29246,HAITI,PRESIDENTE,PSDB,45,PARTIDO DA SOCIAL DEMOCRACIA BRASILEIRA,28
272,2006,1,ZZ,29246,HAITI,PRESIDENTE,PSOL,50,PARTIDO SOCIALISMO E LIBERDADE,1
273,2006,1,ZZ,29246,HAITI,PRESIDENTE,PDT,12,PARTIDO DEMOCRATICO TRABALHISTA,4
274,2006,2,ZZ,29076,HONDURAS,PRESIDENTE,PT,13,PARTIDO DOS TRABALHADORES,116
275,2006,1,ZZ,29076,HONDURAS,PRESIDENTE,PT,13,PARTIDO DOS TRABALHADORES,108
276,2006,2,ZZ,29076,HONDURAS,PRESIDENTE,PSDB,45,PARTIDO DA SOCIAL DEMOCRACIA BRASILEIRA,40
277,2006,1,ZZ,29076,HONDURAS,PRESIDENTE,PSDB,45,PARTIDO DA SOCIAL DEMOCRACIA BRASILEIRA,16
278,2006,1,ZZ,29076,HONDURAS,PRESIDENTE,PSOL,50,PARTIDO SOCIALISMO E LIBERDADE,2
279,2006,1,ZZ,29076,HONDURAS,PRESIDENTE,PDT,12,PARTIDO DEMOCRATICO TRABALHISTA,10
280,2006,2,ZZ,29025,HONG KONG,PRESIDENTE,PT,13,PARTIDO DOS TRABALHADORES,32
281,2006,1,ZZ,29025,HONG KONG,PRESIDENTE,PT,13,PARTIDO DOS TRABALHADORES,32
282,2006,1,ZZ,29025,HONG KONG,PRESIDENTE,PSDB,45,PARTIDO DA SOCIAL DEMOCRACIA BRASILEIRA,120
283,2006,2,ZZ,29025,HONG KONG,PRESIDENTE,PSDB,45,PARTIDO DA SOCIAL DEMOCRACIA BRASILEIRA,136
284,2006,1,ZZ,29025,HONG KONG,PRESIDENTE,PSOL,50,PARTIDO SOCIALISMO E LIBERDADE,2
285,2006,1,ZZ,29025,HONG KONG,PRESIDENTE,PDT,12,PARTIDO DEMOCRATICO TRABALHISTA,4
286,2006,1,ZZ,29025,HONG KONG,PRESIDENTE,PRP,44,PARTIDO REPUBLICANO PROGRESSISTA,1
287,2006,1,ZZ,29025,HONG KONG,PRESIDENTE,PSDC,27,PARTIDO SOCIAL DEMOCRATA CRISTAO,2
288,2006,1,ZZ,29238,HUNGRIA,PRESIDENTE,PT,13,PARTIDO DOS TRABALHADORES,56
289,2006,2,ZZ,29238,HUNGRIA,PRESIDENTE,PT,13,PARTIDO DOS TRABALHADORES,52
290,2006,1,ZZ,29238,HUNGRIA,PRESIDENTE,PSDB,45,PARTIDO DA SOCIAL DEMOCRACIA BRASILEIRA,80
291,2006,2,ZZ,29238,HUNGRIA,PRESIDENTE,PSDB,45,PARTIDO DA SOCIAL DEMOCRACIA BRASILEIRA,72
292,2006,1,ZZ,29238,HUNGRIA,PRESIDENTE,PSOL,50,PARTIDO SOCIALISMO E LIBERDADE,3
293,2006,1,ZZ,29238,HUNGRIA,PRESIDENTE,PDT,12,PARTIDO DEMOCRATICO TRABALHISTA,4
294,2006,2,ZZ,98825,INDIA,PRESIDENTE,PT,13,PARTIDO DOS TRABALHADORES,24
295,2006,1,ZZ,98825,INDIA,PRESIDENTE,PT,13,PARTIDO DOS TRABALHADORES,64
296,2006,2,ZZ,98825,INDIA,PRESIDENTE,PSDB,45,PARTIDO DA SOCIAL DEMOCRACIA BRASILEIRA,56
297,2006,1,ZZ,98825,INDIA,PRESIDENTE,PSDB,45,PARTIDO DA SOCIAL DEMOCRACIA BRASILEIRA,64
298,2006,1,ZZ,98825,INDIA,PRESIDENTE,PSOL,50,PARTIDO SOCIALISMO E LIBERDADE,1
299,2006,1,ZZ,98825,INDIA,PRESIDENTE,PDT,12,PARTIDO DEMOCRATICO TRABALHISTA,2
300,2006,2,ZZ,29211,INDONESIA,PRESIDENTE,PT,13,PARTIDO DOS TRABALHADORES,36
301,2006,1,ZZ,29211,INDONESIA,PRESIDENTE,PT,13,PARTIDO DOS TRABALHADORES,40
302,2006,2,ZZ,29211,INDONESIA,PRESIDENTE,PSDB,45,PARTIDO DA SOCIAL DEMOCRACIA BRASILEIRA,28
303,2006,1,ZZ,29211,INDONESIA,PRESIDENTE,PSDB,45,PARTIDO DA SOCIAL DEMOCRACIA BRASILEIRA,32
304,2006,1,ZZ,29211,INDONESIA,PRESIDENTE,PSOL,50,PARTIDO SOCIALISMO E LIBERDADE,2
305,2006,2,ZZ,98841,INGLATERRA,PRESIDENTE,PT,13,PARTIDO DOS TRABALHADORES,3124
306,2006,1,ZZ,98841,INGLATERRA,PRESIDENTE,PT,13,PARTIDO DOS TRABALHADORES,2764
307,2006,2,ZZ,98841,INGLATERRA,PRESIDENTE,PSDB,45,PARTIDO DA SOCIAL DEMOCRACIA BRASILEIRA,3624
308,2006,1,ZZ,98841,INGLATERRA,PRESIDENTE,PSDB,45,PARTIDO DA SOCIAL DEMOCRACIA BRASILEIRA,2872
309,2006,1,ZZ,98841,INGLATERRA,PRESIDENTE,PSOL,50,PARTIDO SOCIALISMO E LIBERDADE,143
310,2006,1,ZZ,98841,INGLATERRA,PRESIDENTE,PDT,12,PARTIDO DEMOCRATICO TRABALHISTA,91
311,2006,1,ZZ,98841,INGLATERRA,PRESIDENTE,PRP,44,PARTIDO REPUBLICANO PROGRESSISTA,14
312,2006,1,ZZ,98841,INGLATERRA,PRESIDENTE,PSDC,27,PARTIDO SOCIAL DEMOCRATA CRISTAO,4
313,2006,1,ZZ,98841,INGLATERRA,PRESIDENTE,PSL,17,PARTIDO SOCIAL LIBERAL,4
314,2006,1,ZZ,29033,IRLANDA,PRESIDENTE,PT,13,PARTIDO DOS TRABALHADORES,52
315,2006,2,ZZ,29033,IRLANDA,PRESIDENTE,PT,13,PARTIDO DOS TRABALHADORES,60
316,2006,2,ZZ,29033,IRLANDA,PRESIDENTE,PSDB,45,PARTIDO DA SOCIAL DEMOCRACIA BRASILEIRA,152
317,2006,1,ZZ,29033,IRLANDA,PRESIDENTE,PSDB,45,PARTIDO DA SOCIAL DEMOCRACIA BRASILEIRA,96
318,2006,1,ZZ,29033,IRLANDA,PRESIDENTE,PSOL,50,PARTIDO SOCIALISMO E LIBERDADE,10
319,2006,1,ZZ,29033,IRLANDA,PRESIDENTE,PDT,12,PARTIDO DEMOCRATICO TRABALHISTA,8
320,2006,1,ZZ,29033,IRLANDA,PRESIDENTE,PRP,44,PARTIDO REPUBLICANO PROGRESSISTA,2
321,2006,1,ZZ,29033,IRLANDA,PRESIDENTE,PSDC,27,PARTIDO SOCIAL DEMOCRATA CRISTAO,1
322,2006,1,ZZ,11347,ISRAEL,PRESIDENTE,PT,13,PARTIDO DOS TRABALHADORES,1212
323,2006,2,ZZ,11347,ISRAEL,PRESIDENTE,PT,13,PARTIDO DOS TRABALHADORES,1980
324,2006,2,ZZ,11347,ISRAEL,PRESIDENTE,PSDB,45,PARTIDO DA SOCIAL DEMOCRACIA BRASILEIRA,276
325,2006,1,ZZ,11347,ISRAEL,PRESIDENTE,PSDB,45,PARTIDO DA SOCIAL DEMOCRACIA BRASILEIRA,216
326,2006,1,ZZ,11347,ISRAEL,PRESIDENTE,PSOL,50,PARTIDO SOCIALISMO E LIBERDADE,7
327,2006,1,ZZ,11347,ISRAEL,PRESIDENTE,PDT,12,PARTIDO DEMOCRATICO TRABALHISTA,16
328,2006,1,ZZ,11347,ISRAEL,PRESIDENTE,PRP,44,PARTIDO REPUBLICANO PROGRESSISTA,14
329,2006,1,ZZ,11347,ISRAEL,PRESIDENTE,PSDC,27,PARTIDO SOCIAL DEMOCRATA CRISTAO,1
330,2006,1,ZZ,11347,ISRAEL,PRESIDENTE,PSL,17,PARTIDO SOCIAL LIBERAL,4
331,2006,1,ZZ,11363,ITALIA,PRESIDENTE,PT,13,PARTIDO DOS TRABALHADORES,4316
332,2006,2,ZZ,11363,ITALIA,PRESIDENTE,PT,13,PARTIDO DOS TRABALHADORES,4716
333,2006,2,ZZ,11363,ITALIA,PRESIDENTE,PSDB,45,PARTIDO DA SOCIAL DEMOCRACIA BRASILEIRA,4048
334,2006,1,ZZ,11363,ITALIA,PRESIDENTE,PSDB,45,PARTIDO DA SOCIAL DEMOCRACIA BRASILEIRA,3188
335,2006,1,ZZ,11363,ITALIA,PRESIDENTE,PSOL,50,PARTIDO SOCIALISMO E LIBERDADE,170
336,2006,1,ZZ,11363,ITALIA,PRESIDENTE,PDT,12,PARTIDO DEMOCRATICO TRABALHISTA,90
337,2006,1,ZZ,11363,ITALIA,PRESIDENTE,PRP,44,PARTIDO REPUBLICANO PROGRESSISTA,70
338,2006,1,ZZ,11363,ITALIA,PRESIDENTE,PSDC,27,PARTIDO SOCIAL DEMOCRATA CRISTAO,11
339,2006,1,ZZ,11363,ITALIA,PRESIDENTE,PSL,17,PARTIDO SOCIAL LIBERAL,7
340,2006,2,ZZ,11380,JAPAO,PRESIDENTE,PT,13,PARTIDO DOS TRABALHADORES,204
341,2006,1,ZZ,11380,JAPAO,PRESIDENTE,PT,13,PARTIDO DOS TRABALHADORES,192
342,2006,1,ZZ,11380,JAPAO,PRESIDENTE,PSDB,45,PARTIDO DA SOCIAL DEMOCRACIA BRASILEIRA,520
343,2006,2,ZZ,11380,JAPAO,PRESIDENTE,PSDB,45,PARTIDO DA SOCIAL DEMOCRACIA BRASILEIRA,712
344,2006,1,ZZ,11380,JAPAO,PRESIDENTE,PSOL,50,PARTIDO SOCIALISMO E LIBERDADE,16
345,2006,1,ZZ,11380,JAPAO,PRESIDENTE,PDT,12,PARTIDO DEMOCRATICO TRABALHISTA,17
346,2006,1,ZZ,11380,JAPAO,PRESIDENTE,PRP,44,PARTIDO REPUBLICANO PROGRESSISTA,4
347,2006,1,ZZ,11380,JAPAO,PRESIDENTE,PSDC,27,PARTIDO SOCIAL DEMOCRATA CRISTAO,1
348,2006,1,ZZ,29181,JORDANIA,PRESIDENTE,PT,13,PARTIDO DOS TRABALHADORES,256
349,2006,2,ZZ,29181,JORDANIA,PRESIDENTE,PT,13,PARTIDO DOS TRABALHADORES,272
350,2006,1,ZZ,29181,JORDANIA,PRESIDENTE,PSDB,45,PARTIDO DA SOCIAL DEMOCRACIA BRASILEIRA,104
351,2006,2,ZZ,29181,JORDANIA,PRESIDENTE,PSDB,45,PARTIDO DA SOCIAL DEMOCRACIA BRASILEIRA,88
352,2006,1,ZZ,29181,JORDANIA,PRESIDENTE,PSOL,50,PARTIDO SOCIALISMO E LIBERDADE,3
353,2006,1,ZZ,29181,JORDANIA,PRESIDENTE,PDT,12,PARTIDO DEMOCRATICO TRABALHISTA,1
354,2006,1,ZZ,29181,JORDANIA,PRESIDENTE,PRP,44,PARTIDO REPUBLICANO PROGRESSISTA,5
355,2006,1,ZZ,29181,JORDANIA,PRESIDENTE,PSL,17,PARTIDO SOCIAL LIBERAL,3
356,2006,1,ZZ,29165,KENIA,PRESIDENTE,PT,13,PARTIDO DOS TRABALHADORES,96
357,2006,2,ZZ,29165,KENIA,PRESIDENTE,PT,13,PARTIDO DOS TRABALHADORES,96
358,2006,1,ZZ,29165,KENIA,PRESIDENTE,PSDB,45,PARTIDO DA SOCIAL DEMOCRACIA BRASILEIRA,20
359,2006,2,ZZ,29165,KENIA,PRESIDENTE,PSDB,45,PARTIDO DA SOCIAL DEMOCRACIA BRASILEIRA,16
360,2006,1,ZZ,29165,KENIA,PRESIDENTE,PDT,12,PARTIDO DEMOCRATICO TRABALHISTA,2
361,2006,1,ZZ,11401,LIBANO,PRESIDENTE,PT,13,PARTIDO DOS TRABALHADORES,1484
362,2006,2,ZZ,11401,LIBANO,PRESIDENTE,PT,13,PARTIDO DOS TRABALHADORES,1540
363,2006,1,ZZ,11401,LIBANO,PRESIDENTE,PSDB,45,PARTIDO DA SOCIAL DEMOCRACIA BRASILEIRA,348
364,2006,2,ZZ,11401,LIBANO,PRESIDENTE,PSDB,45,PARTIDO DA SOCIAL DEMOCRACIA BRASILEIRA,624
365,2006,1,ZZ,11401,LIBANO,PRESIDENTE,PSOL,50,PARTIDO SOCIALISMO E LIBERDADE,9
366,2006,1,ZZ,11401,LIBANO,PRESIDENTE,PDT,12,PARTIDO DEMOCRATICO TRABALHISTA,9
367,2006,1,ZZ,11401,LIBANO,PRESIDENTE,PRP,44,PARTIDO REPUBLICANO PROGRESSISTA,27
368,2006,1,ZZ,11401,LIBANO,PRESIDENTE,PSDC,27,PARTIDO SOCIAL DEMOCRATA CRISTAO,5
369,2006,1,ZZ,11401,LIBANO,PRESIDENTE,PSL,17,PARTIDO SOCIAL LIBERAL,10
370,2006,2,ZZ,29130,MALASIA,PRESIDENTE,PT,13,PARTIDO DOS TRABALHADORES,24
371,2006,1,ZZ,29130,MALASIA,PRESIDENTE,PT,13,PARTIDO DOS TRABALHADORES,28
372,2006,2,ZZ,29130,MALASIA,PRESIDENTE,PSDB,45,PARTIDO DA SOCIAL DEMOCRACIA BRASILEIRA,72
373,2006,1,ZZ,29130,MALASIA,PRESIDENTE,PSDB,45,PARTIDO DA SOCIAL DEMOCRACIA BRASILEIRA,64
374,2006,1,ZZ,29130,MALASIA,PRESIDENTE,PSOL,50,PARTIDO SOCIALISMO E LIBERDADE,1
375,2006,1,ZZ,29130,MALASIA,PRESIDENTE,PDT,12,PARTIDO DEMOCRATICO TRABALHISTA,1
376,2006,2,ZZ,29122,MARROCOS,PRESIDENTE,PT,13,PARTIDO DOS TRABALHADORES,44
377,2006,1,ZZ,29122,MARROCOS,PRESIDENTE,PT,13,PARTIDO DOS TRABALHADORES,44
378,2006,2,ZZ,29122,MARROCOS,PRESIDENTE,PSDB,45,PARTIDO DA SOCIAL DEMOCRACIA BRASILEIRA,8
379,2006,1,ZZ,29122,MARROCOS,PRESIDENTE,PSDB,45,PARTIDO DA SOCIAL DEMOCRACIA BRASILEIRA,12
380,2006,1,ZZ,29122,MARROCOS,PRESIDENTE,PSOL,50,PARTIDO SOCIALISMO E LIBERDADE,1
381,2006,1,ZZ,29122,MARROCOS,PRESIDENTE,PDT,12,PARTIDO DEMOCRATICO TRABALHISTA,2
382,2006,1,ZZ,11428,MEXICO,PRESIDENTE,PT,13,PARTIDO DOS TRABALHADORES,232
383,2006,2,ZZ,11428,MEXICO,PRESIDENTE,PT,13,PARTIDO DOS TRABALHADORES,260
384,2006,1,ZZ,11428,MEXICO,PRESIDENTE,PSDB,45,PARTIDO DA SOCIAL DEMOCRACIA BRASILEIRA,464
385,2006,2,ZZ,11428,MEXICO,PRESIDENTE,PSDB,45,PARTIDO DA SOCIAL DEMOCRACIA BRASILEIRA,488
386,2006,1,ZZ,11428,MEXICO,PRESIDENTE,PSOL,50,PARTIDO SOCIALISMO E LIBERDADE,6
387,2006,1,ZZ,11428,MEXICO,PRESIDENTE,PDT,12,PARTIDO DEMOCRATICO TRABALHISTA,3
388,2006,1,ZZ,11428,MEXICO,PRESIDENTE,PRP,44,PARTIDO REPUBLICANO PROGRESSISTA,2
389,2006,2,ZZ,29114,MOCAMBIQUE,PRESIDENTE,PT,13,PARTIDO DOS TRABALHADORES,496
390,2006,1,ZZ,29114,MOCAMBIQUE,PRESIDENTE,PT,13,PARTIDO DOS TRABALHADORES,504
391,2006,1,ZZ,29114,MOCAMBIQUE,PRESIDENTE,PSDB,45,PARTIDO DA SOCIAL DEMOCRACIA BRASILEIRA,288
392,2006,2,ZZ,29114,MOCAMBIQUE,PRESIDENTE,PSDB,45,PARTIDO DA SOCIAL DEMOCRACIA BRASILEIRA,348
393,2006,1,ZZ,29114,MOCAMBIQUE,PRESIDENTE,PSOL,50,PARTIDO SOCIALISMO E LIBERDADE,10
394,2006,1,ZZ,29114,MOCAMBIQUE,PRESIDENTE,PDT,12,PARTIDO DEMOCRATICO TRABALHISTA,11
395,2006,1,ZZ,29114,MOCAMBIQUE,PRESIDENTE,PRP,44,PARTIDO REPUBLICANO PROGRESSISTA,4
396,2006,1,ZZ,29114,MOCAMBIQUE,PRESIDENTE,PSL,17,PARTIDO SOCIAL LIBERAL,1
397,2006,2,ZZ,98388,NICARAGUA,PRESIDENTE,PT,13,PARTIDO DOS TRABALHADORES,232
398,2006,1,ZZ,98388,NICARAGUA,PRESIDENTE,PT,13,PARTIDO DOS TRABALHADORES,228
399,2006,1,ZZ,98388,NICARAGUA,PRESIDENTE,PSDB,45,PARTIDO DA SOCIAL DEMOCRACIA BRASILEIRA,124
400,2006,2,ZZ,98388,NICARAGUA,PRESIDENTE,PSDB,45,PARTIDO DA SOCIAL DEMOCRACIA BRASILEIRA,136
401,2006,1,ZZ,98388,NICARAGUA,PRESIDENTE,PSOL,50,PARTIDO SOCIALISMO E LIBERDADE,5
402,2006,1,ZZ,98388,NICARAGUA,PRESIDENTE,PRP,44,PARTIDO REPUBLICANO PROGRESSISTA,1
403,2006,1,ZZ,98361,NIGERIA,PRESIDENTE,PT,13,PARTIDO DOS TRABALHADORES,76
404,2006,2,ZZ,98361,NIGERIA,PRESIDENTE,PT,13,PARTIDO DOS TRABALHADORES,72
405,2006,1,ZZ,98361,NIGERIA,PRESIDENTE,PSDB,45,PARTIDO DA SOCIAL DEMOCRACIA BRASILEIRA,76
406,2006,2,ZZ,98361,NIGERIA,PRESIDENTE,PSDB,45,PARTIDO DA SOCIAL DEMOCRACIA BRASILEIRA,64
407,2006,1,ZZ,98361,NIGERIA,PRESIDENTE,PSOL,50,PARTIDO SOCIALISMO E LIBERDADE,1
408,2006,1,ZZ,98361,NIGERIA,PRESIDENTE,PDT,12,PARTIDO DEMOCRATICO TRABALHISTA,1
409,2006,1,ZZ,98361,NIGERIA,PRESIDENTE,PRP,44,PARTIDO REPUBLICANO PROGRESSISTA,1
410,2006,1,ZZ,98345,NORUEGA,PRESIDENTE,PT,13,PARTIDO DOS TRABALHADORES,132
411,2006,2,ZZ,98345,NORUEGA,PRESIDENTE,PT,13,PARTIDO DOS TRABALHADORES,204
412,2006,1,ZZ,98345,NORUEGA,PRESIDENTE,PSDB,45,PARTIDO DA SOCIAL DEMOCRACIA BRASILEIRA,148
413,2006,2,ZZ,98345,NORUEGA,PRESIDENTE,PSDB,45,PARTIDO DA SOCIAL DEMOCRACIA BRASILEIRA,192
414,2006,1,ZZ,98345,NORUEGA,PRESIDENTE,PSOL,50,PARTIDO SOCIALISMO E LIBERDADE,14
415,2006,1,ZZ,98345,NORUEGA,PRESIDENTE,PDT,12,PARTIDO DEMOCRATICO TRABALHISTA,4
416,2006,1,ZZ,98345,NORUEGA,PRESIDENTE,PRP,44,PARTIDO REPUBLICANO PROGRESSISTA,2
417,2006,2,ZZ,29050,NOVA ZELANDIA,PRESIDENTE,PT,13,PARTIDO DOS TRABALHADORES,20
418,2006,1,ZZ,29050,NOVA ZELANDIA,PRESIDENTE,PT,13,PARTIDO DOS TRABALHADORES,24
419,2006,1,ZZ,29050,NOVA ZELANDIA,PRESIDENTE,PSDB,45,PARTIDO DA SOCIAL DEMOCRACIA BRASILEIRA,40
420,2006,2,ZZ,29050,NOVA ZELANDIA,PRESIDENTE,PSDB,45,PARTIDO DA SOCIAL DEMOCRACIA BRASILEIRA,48
421,2006,1,ZZ,29050,NOVA ZELANDIA,PRESIDENTE,PSOL,50,PARTIDO SOCIALISMO E LIBERDADE,1
422,2006,1,ZZ,29050,NOVA ZELANDIA,PRESIDENTE,PDT,12,PARTIDO DEMOCRATICO TRABALHISTA,1
423,2006,2,ZZ,29009,PAISES BAIXOS,PRESIDENTE,PT,13,PARTIDO DOS TRABALHADORES,836
424,2006,1,ZZ,29009,PAISES BAIXOS,PRESIDENTE,PT,13,PARTIDO DOS TRABALHADORES,692
425,2006,2,ZZ,29009,PAISES BAIXOS,PRESIDENTE,PSDB,45,PARTIDO DA SOCIAL DEMOCRACIA BRASILEIRA,908
426,2006,1,ZZ,29009,PAISES BAIXOS,PRESIDENTE,PSDB,45,PARTIDO DA SOCIAL DEMOCRACIA BRASILEIRA,688
427,2006,1,ZZ,29009,PAISES BAIXOS,PRESIDENTE,PSOL,50,PARTIDO SOCIALISMO E LIBERDADE,52
428,2006,1,ZZ,29009,PAISES BAIXOS,PRESIDENTE,PDT,12,PARTIDO DEMOCRATICO TRABALHISTA,29
429,2006,1,ZZ,29009,PAISES BAIXOS,PRESIDENTE,PRP,44,PARTIDO REPUBLICANO PROGRESSISTA,6
430,2006,1,ZZ,29009,PAISES BAIXOS,PRESIDENTE,PSDC,27,PARTIDO SOCIAL DEMOCRATA CRISTAO,1
431,2006,1,ZZ,29009,PAISES BAIXOS,PRESIDENTE,PSL,17,PARTIDO SOCIAL LIBERAL,2
432,2006,2,ZZ,98329,PANAMA,PRESIDENTE,PT,13,PARTIDO DOS TRABALHADORES,240
433,2006,1,ZZ,98329,PANAMA,PRESIDENTE,PT,13,PARTIDO DOS TRABALHADORES,216
434,2006,1,ZZ,98329,PANAMA,PRESIDENTE,PSDB,45,PARTIDO DA SOCIAL DEMOCRACIA BRASILEIRA,304
435,2006,2,ZZ,98329,PANAMA,PRESIDENTE,PSDB,45,PARTIDO DA SOCIAL DEMOCRACIA BRASILEIRA,336
436,2006,1,ZZ,98329,PANAMA,PRESIDENTE,PSOL,50,PARTIDO SOCIALISMO E LIBERDADE,6
437,2006,1,ZZ,98329,PANAMA,PRESIDENTE,PDT,12,PARTIDO DEMOCRATICO TRABALHISTA,9
438,2006,1,ZZ,98329,PANAMA,PRESIDENTE,PRP,44,PARTIDO REPUBLICANO PROGRESSISTA,3
439,2006,1,ZZ,11444,PARAGUAI,PRESIDENTE,PT,13,PARTIDO DOS TRABALHADORES,1984
440,2006,2,ZZ,11444,PARAGUAI,PRESIDENTE,PT,13,PARTIDO DOS TRABALHADORES,2292
441,2006,1,ZZ,11444,PARAGUAI,PRESIDENTE,PSDB,45,PARTIDO DA SOCIAL DEMOCRACIA BRASILEIRA,2736
442,2006,2,ZZ,11444,PARAGUAI,PRESIDENTE,PSDB,45,PARTIDO DA SOCIAL DEMOCRACIA BRASILEIRA,2936
443,2006,1,ZZ,11444,PARAGUAI,PRESIDENTE,PSOL,50,PARTIDO SOCIALISMO E LIBERDADE,59
444,2006,1,ZZ,11444,PARAGUAI,PRESIDENTE,PDT,12,PARTIDO DEMOCRATICO TRABALHISTA,29
445,2006,1,ZZ,11444,PARAGUAI,PRESIDENTE,PRP,44,PARTIDO REPUBLICANO PROGRESSISTA,9
446,2006,1,ZZ,11444,PARAGUAI,PRESIDENTE,PSDC,27,PARTIDO SOCIAL DEMOCRATA CRISTAO,2
447,2006,2,ZZ,11460,PERU,PRESIDENTE,PT,13,PARTIDO DOS TRABALHADORES,528
448,2006,1,ZZ,11460,PERU,PRESIDENTE,PT,13,PARTIDO DOS TRABALHADORES,516
449,2006,2,ZZ,11460,PERU,PRESIDENTE,PSDB,45,PARTIDO DA SOCIAL DEMOCRACIA BRASILEIRA,656
450,2006,1,ZZ,11460,PERU,PRESIDENTE,PSDB,45,PARTIDO DA SOCIAL DEMOCRACIA BRASILEIRA,576
451,2006,1,ZZ,11460,PERU,PRESIDENTE,PSOL,50,PARTIDO SOCIALISMO E LIBERDADE,21
452,2006,1,ZZ,11460,PERU,PRESIDENTE,PDT,12,PARTIDO DEMOCRATICO TRABALHISTA,10
453,2006,1,ZZ,11460,PERU,PRESIDENTE,PRP,44,PARTIDO REPUBLICANO PROGRESSISTA,5
454,2006,1,ZZ,11460,PERU,PRESIDENTE,PSL,17,PARTIDO SOCIAL LIBERAL,1
455,2006,2,ZZ,11487,POLONIA,PRESIDENTE,PT,13,PARTIDO DOS TRABALHADORES,48
456,2006,1,ZZ,11487,POLONIA,PRESIDENTE,PT,13,PARTIDO DOS TRABALHADORES,52
457,2006,2,ZZ,11487,POLONIA,PRESIDENTE,PSDB,45,PARTIDO DA SOCIAL DEMOCRACIA BRASILEIRA,92
458,2006,1,ZZ,11487,POLONIA,PRESIDENTE,PSDB,45,PARTIDO DA SOCIAL DEMOCRACIA BRASILEIRA,112
459,2006,1,ZZ,11487,POLONIA,PRESIDENTE,PDT,12,PARTIDO DEMOCRATICO TRABALHISTA,3
460,2006,1,ZZ,11509,PORTUGAL,PRESIDENTE,PT,13,PARTIDO DOS TRABALHADORES,7148
461,2006,2,ZZ,11509,PORTUGAL,PRESIDENTE,PT,13,PARTIDO DOS TRABALHADORES,8028
462,2006,2,ZZ,11509,PORTUGAL,PRESIDENTE,PSDB,45,PARTIDO DA SOCIAL DEMOCRACIA BRASILEIRA,6892
463,2006,1,ZZ,11509,PORTUGAL,PRESIDENTE,PSDB,45,PARTIDO DA SOCIAL DEMOCRACIA BRASILEIRA,5244
464,2006,1,ZZ,11509,PORTUGAL,PRESIDENTE,PSOL,50,PARTIDO SOCIALISMO E LIBERDADE,304
465,2006,1,ZZ,11509,PORTUGAL,PRESIDENTE,PDT,12,PARTIDO DEMOCRATICO TRABALHISTA,96
466,2006,1,ZZ,11509,PORTUGAL,PRESIDENTE,PRP,44,PARTIDO REPUBLICANO PROGRESSISTA,75
467,2006,1,ZZ,11509,PORTUGAL,PRESIDENTE,PSDC,27,PARTIDO SOCIAL DEMOCRATA CRISTAO,22
468,2006,1,ZZ,11509,PORTUGAL,PRESIDENTE,PSL,17,PARTIDO SOCIAL LIBERAL,13
469,2006,1,ZZ,98280,REPUBLICA DOMINICANA,PRESIDENTE,PT,13,PARTIDO DOS TRABALHADORES,196
470,2006,2,ZZ,98280,REPUBLICA DOMINICANA,PRESIDENTE,PT,13,PARTIDO DOS TRABALHADORES,192
471,2006,1,ZZ,98280,REPUBLICA DOMINICANA,PRESIDENTE,PSDB,45,PARTIDO DA SOCIAL DEMOCRACIA BRASILEIRA,52
472,2006,2,ZZ,98280,REPUBLICA DOMINICANA,PRESIDENTE,PSDB,45,PARTIDO DA SOCIAL DEMOCRACIA BRASILEIRA,96
473,2006,1,ZZ,98280,REPUBLICA DOMINICANA,PRESIDENTE,PSOL,50,PARTIDO SOCIALISMO E LIBERDADE,2
474,2006,1,ZZ,98280,REPUBLICA DOMINICANA,PRESIDENTE,PDT,12,PARTIDO DEMOCRATICO TRABALHISTA,1
475,2006,1,ZZ,98280,REPUBLICA DOMINICANA,PRESIDENTE,PSL,17,PARTIDO SOCIAL LIBERAL,1
476,2006,2,ZZ,98647,ROMENIA,PRESIDENTE,PT,13,PARTIDO DOS TRABALHADORES,40
477,2006,1,ZZ,98647,ROMENIA,PRESIDENTE,PT,13,PARTIDO DOS TRABALHADORES,32
478,2006,2,ZZ,98647,ROMENIA,PRESIDENTE,PSDB,45,PARTIDO DA SOCIAL DEMOCRACIA BRASILEIRA,56
479,2006,1,ZZ,98647,ROMENIA,PRESIDENTE,PSDB,45,PARTIDO DA SOCIAL DEMOCRACIA BRASILEIRA,52
480,2006,1,ZZ,98647,ROMENIA,PRESIDENTE,PSOL,50,PARTIDO SOCIALISMO E LIBERDADE,1
481,2006,1,ZZ,98647,ROMENIA,PRESIDENTE,PDT,12,PARTIDO DEMOCRATICO TRABALHISTA,5
482,2006,1,ZZ,98760,RUSSIA,PRESIDENTE,PT,13,PARTIDO DOS TRABALHADORES,40
483,2006,2,ZZ,98760,RUSSIA,PRESIDENTE,PT,13,PARTIDO DOS TRABALHADORES,52
484,2006,1,ZZ,98760,RUSSIA,PRESIDENTE,PSDB,45,PARTIDO DA SOCIAL DEMOCRACIA BRASILEIRA,104
485,2006,2,ZZ,98760,RUSSIA,PRESIDENTE,PSDB,45,PARTIDO DA SOCIAL DEMOCRACIA BRASILEIRA,100
486,2006,1,ZZ,98760,RUSSIA,PRESIDENTE,PSOL,50,PARTIDO SOCIALISMO E LIBERDADE,6
487,2006,1,ZZ,98760,RUSSIA,PRESIDENTE,PDT,12,PARTIDO DEMOCRATICO TRABALHISTA,4
488,2006,1,ZZ,98248,SENEGAL,PRESIDENTE,PT,13,PARTIDO DOS TRABALHADORES,60
489,2006,2,ZZ,98248,SENEGAL,PRESIDENTE,PT,13,PARTIDO DOS TRABALHADORES,64
490,2006,2,ZZ,98248,SENEGAL,PRESIDENTE,PSDB,45,PARTIDO DA SOCIAL DEMOCRACIA BRASILEIRA,36
491,2006,1,ZZ,98248,SENEGAL,PRESIDENTE,PSDB,45,PARTIDO DA SOCIAL DEMOCRACIA BRASILEIRA,12
492,2006,1,ZZ,98248,SENEGAL,PRESIDENTE,PDT,12,PARTIDO DEMOCRATICO TRABALHISTA,1
493,2006,2,ZZ,98221,SIRIA,PRESIDENTE,PT,13,PARTIDO DOS TRABALHADORES,116
494,2006,1,ZZ,98221,SIRIA,PRESIDENTE,PT,13,PARTIDO DOS TRABALHADORES,100
495,2006,2,ZZ,98221,SIRIA,PRESIDENTE,PSDB,45,PARTIDO DA SOCIAL DEMOCRACIA BRASILEIRA,40
496,2006,1,ZZ,98221,SIRIA,PRESIDENTE,PSDB,45,PARTIDO DA SOCIAL DEMOCRACIA BRASILEIRA,28
497,2006,1,ZZ,98221,SIRIA,PRESIDENTE,PSOL,50,PARTIDO SOCIALISMO E LIBERDADE,1
498,2006,1,ZZ,98221,SIRIA,PRESIDENTE,PDT,12,PARTIDO DEMOCRATICO TRABALHISTA,2
499,2006,1,ZZ,98221,SIRIA,PRESIDENTE,PRP,44,PARTIDO REPUBLICANO PROGRESSISTA,7
500,2006,1,ZZ,98221,SIRIA,PRESIDENTE,PSDC,27,PARTIDO SOCIAL DEMOCRATA CRISTAO,3
501,2006,2,ZZ,98744,SUECIA,PRESIDENTE,PT,13,PARTIDO DOS TRABALHADORES,696
502,2006,1,ZZ,98744,SUECIA,PRESIDENTE,PT,13,PARTIDO DOS TRABALHADORES,688
503,2006,2,ZZ,98744,SUECIA,PRESIDENTE,PSDB,45,PARTIDO DA SOCIAL DEMOCRACIA BRASILEIRA,644
504,2006,1,ZZ,98744,SUECIA,PRESIDENTE,PSDB,45,PARTIDO DA SOCIAL DEMOCRACIA BRASILEIRA,592
505,2006,1,ZZ,98744,SUECIA,PRESIDENTE,PSOL,50,PARTIDO SOCIALISMO E LIBERDADE,30
506,2006,1,ZZ,98744,SUECIA,PRESIDENTE,PDT,12,PARTIDO DEMOCRATICO TRABALHISTA,18
507,2006,1,ZZ,98744,SUECIA,PRESIDENTE,PRP,44,PARTIDO REPUBLICANO PROGRESSISTA,9
508,2006,1,ZZ,98744,SUECIA,PRESIDENTE,PSDC,27,PARTIDO SOCIAL DEMOCRATA CRISTAO,1
509,2006,1,ZZ,98744,SUECIA,PRESIDENTE,PSL,17,PARTIDO SOCIAL LIBERAL,3
510,2006,1,ZZ,11525,SUICA,PRESIDENTE,PT,13,PARTIDO DOS TRABALHADORES,1576
511,2006,2,ZZ,11525,SUICA,PRESIDENTE,PT,13,PARTIDO DOS TRABALHADORES,1832
512,2006,1,ZZ,11525,SUICA,PRESIDENTE,PSDB,45,PARTIDO DA SOCIAL DEMOCRACIA BRASILEIRA,1664
513,2006,2,ZZ,11525,SUICA,PRESIDENTE,PSDB,45,PARTIDO DA SOCIAL DEMOCRACIA BRASILEIRA,2088
514,2006,1,ZZ,11525,SUICA,PRESIDENTE,PSOL,50,PARTIDO SOCIALISMO E LIBERDADE,99
515,2006,1,ZZ,11525,SUICA,PRESIDENTE,PDT,12,PARTIDO DEMOCRATICO TRABALHISTA,31
516,2006,1,ZZ,11525,SUICA,PRESIDENTE,PRP,44,PARTIDO REPUBLICANO PROGRESSISTA,14
517,2006,1,ZZ,11525,SUICA,PRESIDENTE,PSDC,27,PARTIDO SOCIAL DEMOCRATA CRISTAO,4
518,2006,1,ZZ,11525,SUICA,PRESIDENTE,PSL,17,PARTIDO SOCIAL LIBERAL,2
519,2006,2,ZZ,11541,SURINAME,PRESIDENTE,PT,13,PARTIDO DOS TRABALHADORES,172
520,2006,1,ZZ,11541,SURINAME,PRESIDENTE,PT,13,PARTIDO DOS TRABALHADORES,156
521,2006,1,ZZ,11541,SURINAME,PRESIDENTE,PSDB,45,PARTIDO DA SOCIAL DEMOCRACIA BRASILEIRA,120
522,2006,2,ZZ,11541,SURINAME,PRESIDENTE,PSDB,45,PARTIDO DA SOCIAL DEMOCRACIA BRASILEIRA,132
523,2006,1,ZZ,11541,SURINAME,PRESIDENTE,PSOL,50,PARTIDO SOCIALISMO E LIBERDADE,10
524,2006,1,ZZ,11541,SURINAME,PRESIDENTE,PRP,44,PARTIDO REPUBLICANO PROGRESSISTA,3
525,2006,2,ZZ,98205,TAILANDIA,PRESIDENTE,PT,13,PARTIDO DOS TRABALHADORES,20
526,2006,1,ZZ,98205,TAILANDIA,PRESIDENTE,PT,13,PARTIDO DOS TRABALHADORES,24
527,2006,2,ZZ,98205,TAILANDIA,PRESIDENTE,PSDB,45,PARTIDO DA SOCIAL DEMOCRACIA BRASILEIRA,36
528,2006,1,ZZ,98205,TAILANDIA,PRESIDENTE,PSDB,45,PARTIDO DA SOCIAL DEMOCRACIA BRASILEIRA,24
529,2006,1,ZZ,98205,TAILANDIA,PRESIDENTE,PSOL,50,PARTIDO SOCIALISMO E LIBERDADE,3
530,2006,1,ZZ,2828,TAIWAN,PRESIDENTE,PT,13,PARTIDO DOS TRABALHADORES,36
531,2006,2,ZZ,2828,TAIWAN,PRESIDENTE,PT,13,PARTIDO DOS TRABALHADORES,28
532,2006,1,ZZ,2828,TAIWAN,PRESIDENTE,PSDB,45,PARTIDO DA SOCIAL DEMOCRACIA BRASILEIRA,92
533,2006,2,ZZ,2828,TAIWAN,PRESIDENTE,PSDB,45,PARTIDO DA SOCIAL DEMOCRACIA BRASILEIRA,124
534,2006,1,ZZ,2828,TAIWAN,PRESIDENTE,PSOL,50,PARTIDO SOCIALISMO E LIBERDADE,1
535,2006,1,ZZ,2828,TAIWAN,PRESIDENTE,PDT,12,PARTIDO DEMOCRATICO TRABALHISTA,3
536,2006,1,ZZ,2828,TAIWAN,PRESIDENTE,PRP,44,PARTIDO REPUBLICANO PROGRESSISTA,1
537,2006,1,ZZ,2828,TAIWAN,PRESIDENTE,PSDC,27,PARTIDO SOCIAL DEMOCRATA CRISTAO,2
538,2006,2,ZZ,98124,TUNISIA,PRESIDENTE,PT,13,PARTIDO DOS TRABALHADORES,24
539,2006,1,ZZ,98124,TUNISIA,PRESIDENTE,PT,13,PARTIDO DOS TRABALHADORES,20
540,2006,1,ZZ,98124,TUNISIA,PRESIDENTE,PSDB,45,PARTIDO DA SOCIAL DEMOCRACIA BRASILEIRA,24
541,2006,2,ZZ,98124,TUNISIA,PRESIDENTE,PSDB,45,PARTIDO DA SOCIAL DEMOCRACIA BRASILEIRA,32
542,2006,1,ZZ,98124,TUNISIA,PRESIDENTE,PSOL,50,PARTIDO SOCIALISMO E LIBERDADE,1
543,2006,1,ZZ,98124,TUNISIA,PRESIDENTE,PDT,12,PARTIDO DEMOCRATICO TRABALHISTA,1
544,2006,1,ZZ,11568,URUGUAI,PRESIDENTE,PT,13,PARTIDO DOS TRABALHADORES,1300
545,2006,2,ZZ,11568,URUGUAI,PRESIDENTE,PT,13,PARTIDO DOS TRABALHADORES,1516
546,2006,1,ZZ,11568,URUGUAI,PRESIDENTE,PSDB,45,PARTIDO DA SOCIAL DEMOCRACIA BRASILEIRA,1060
547,2006,2,ZZ,11568,URUGUAI,PRESIDENTE,PSDB,45,PARTIDO DA SOCIAL DEMOCRACIA BRASILEIRA,1288
548,2006,1,ZZ,11568,URUGUAI,PRESIDENTE,PSOL,50,PARTIDO SOCIALISMO E LIBERDADE,48
549,2006,1,ZZ,11568,URUGUAI,PRESIDENTE,PDT,12,PARTIDO DEMOCRATICO TRABALHISTA,29
550,2006,1,ZZ,11568,URUGUAI,PRESIDENTE,PRP,44,PARTIDO REPUBLICANO PROGRESSISTA,14
551,2006,1,ZZ,11568,URUGUAI,PRESIDENTE,PSDC,27,PARTIDO SOCIAL DEMOCRATA CRISTAO,14
552,2006,1,ZZ,11568,URUGUAI,PRESIDENTE,PSL,17,PARTIDO SOCIAL LIBERAL,7
553,2006,1,ZZ,11584,VENEZUELA,PRESIDENTE,PT,13,PARTIDO DOS TRABALHADORES,356
554,2006,2,ZZ,11584,VENEZUELA,PRESIDENTE,PT,13,PARTIDO DOS TRABALHADORES,328
555,2006,1,ZZ,11584,VENEZUELA,PRESIDENTE,PSDB,45,PARTIDO DA SOCIAL DEMOCRACIA BRASILEIRA,496
556,2006,2,ZZ,11584,VENEZUELA,PRESIDENTE,PSDB,45,PARTIDO DA SOCIAL DEMOCRACIA BRASILEIRA,488
557,2006,1,ZZ,11584,VENEZUELA,PRESIDENTE,PSOL,50,PARTIDO SOCIALISMO E LIBERDADE,16
558,2006,1,ZZ,11584,VENEZUELA,PRESIDENTE,PDT,12,PARTIDO DEMOCRATICO TRABALHISTA,4
559,2006,1,ZZ,11584,VENEZUELA,PRESIDENTE,PRP,44,PARTIDO REPUBLICANO PROGRESSISTA,1
