Election Year,Election Round,Place (ZZ = Exterior),Municipality Code,Municipality Name,Office,Party Initials,Party Number,Party Name,Number of Votes
ANO_ELEICAO,NUM_TURNO (*),SIGLA_UF,CODIGO_MUNICIPIO (*),NOME_MUNICIPIO,DESCRICAO_CARGO,SIGLA_PARTIDO,NUMERO_PARTIDO (*),NOME_PARTIDO,QTDE_VOTOS_NOMINAIS
2006,1,ZZ,98787,ÁFRICA DO SUL,PRESIDENTE,PT,13,PARTIDO DOS TRABALHADORES,276
2006,2,ZZ,98787,ÁFRICA DO SUL,PRESIDENTE,PT,13,PARTIDO DOS TRABALHADORES,196
2006,2,ZZ,98787,ÁFRICA DO SUL,PRESIDENTE,PSDB,45,PARTIDO DA SOCIAL DEMOCRACIA BRASILEIRA,516
2006,1,ZZ,98787,ÁFRICA DO SUL,PRESIDENTE,PSDB,45,PARTIDO DA SOCIAL DEMOCRACIA BRASILEIRA,488
2006,1,ZZ,98787,ÁFRICA DO SUL,PRESIDENTE,PSOL,50,PARTIDO SOCIALISMO E LIBERDADE,17
2006,1,ZZ,98787,ÁFRICA DO SUL,PRESIDENTE,PDT,12,PARTIDO DEMOCRÁTICO TRABALHISTA,11
2006,1,ZZ,98787,ÁFRICA DO SUL,PRESIDENTE,PSDC,27,PARTIDO SOCIAL DEMOCRATA CRISTÃO,1
2006,1,ZZ,98787,ÁFRICA DO SUL,PRESIDENTE,PSL,17,PARTIDO SOCIAL LIBERAL,1
2006,2,ZZ,11100,ALEMANHA,PRESIDENTE,PT,13,PARTIDO DOS TRABALHADORES,2288
2006,1,ZZ,11100,ALEMANHA,PRESIDENTE,PT,13,PARTIDO DOS TRABALHADORES,2064
2006,2,ZZ,11100,ALEMANHA,PRESIDENTE,PSDB,45,PARTIDO DA SOCIAL DEMOCRACIA BRASILEIRA,2816
2006,1,ZZ,11100,ALEMANHA,PRESIDENTE,PSDB,45,PARTIDO DA SOCIAL DEMOCRACIA BRASILEIRA,2388
2006,1,ZZ,11100,ALEMANHA,PRESIDENTE,PSOL,50,PARTIDO SOCIALISMO E LIBERDADE,96
2006,1,ZZ,11100,ALEMANHA,PRESIDENTE,PDT,12,PARTIDO DEMOCRÁTICO TRABALHISTA,63
2006,1,ZZ,11100,ALEMANHA,PRESIDENTE,PRP,44,PARTIDO REPUBLICANO PROGRESSISTA,25
2006,1,ZZ,11100,ALEMANHA,PRESIDENTE,PSDC,27,PARTIDO SOCIAL DEMOCRATA CRISTÃO,4
2006,1,ZZ,11100,ALEMANHA,PRESIDENTE,PSL,17,PARTIDO SOCIAL LIBERAL,6
2006,2,ZZ,98965,ANGOLA,PRESIDENTE,PT,13,PARTIDO DOS TRABALHADORES,460
2006,1,ZZ,98965,ANGOLA,PRESIDENTE,PT,13,PARTIDO DOS TRABALHADORES,420
2006,1,ZZ,98965,ANGOLA,PRESIDENTE,PSDB,45,PARTIDO DA SOCIAL DEMOCRACIA BRASILEIRA,236
2006,2,ZZ,98965,ANGOLA,PRESIDENTE,PSDB,45,PARTIDO DA SOCIAL DEMOCRACIA BRASILEIRA,268
2006,1,ZZ,98965,ANGOLA,PRESIDENTE,PSOL,50,PARTIDO SOCIALISMO E LIBERDADE,13
2006,1,ZZ,98965,ANGOLA,PRESIDENTE,PDT,12,PARTIDO DEMOCRÁTICO TRABALHISTA,11
2006,1,ZZ,98965,ANGOLA,PRESIDENTE,PRP,44,PARTIDO REPUBLICANO PROGRESSISTA,3
2006,1,ZZ,98965,ANGOLA,PRESIDENTE,PSL,17,PARTIDO SOCIAL LIBERAL,1
2006,1,ZZ,11126,ARÁBIA SAUDITA,PRESIDENTE,PT,13,PARTIDO DOS TRABALHADORES,12
2006,2,ZZ,11126,ARÁBIA SAUDITA,PRESIDENTE,PT,13,PARTIDO DOS TRABALHADORES,16
2006,2,ZZ,11126,ARÁBIA SAUDITA,PRESIDENTE,PSDB,45,PARTIDO DA SOCIAL DEMOCRACIA BRASILEIRA,64
2006,1,ZZ,11126,ARÁBIA SAUDITA,PRESIDENTE,PSDB,45,PARTIDO DA SOCIAL DEMOCRACIA BRASILEIRA,52
2006,1,ZZ,11126,ARÁBIA SAUDITA,PRESIDENTE,PSOL,50,PARTIDO SOCIALISMO E LIBERDADE,2
2006,1,ZZ,11126,ARÁBIA SAUDITA,PRESIDENTE,PRP,44,PARTIDO REPUBLICANO PROGRESSISTA,1
2006,2,ZZ,11142,ARGENTINA,PRESIDENTE,PT,13,PARTIDO DOS TRABALHADORES,2172
2006,1,ZZ,11142,ARGENTINA,PRESIDENTE,PT,13,PARTIDO DOS TRABALHADORES,1996
2006,2,ZZ,11142,ARGENTINA,PRESIDENTE,PSDB,45,PARTIDO DA SOCIAL DEMOCRACIA BRASILEIRA,1872
2006,1,ZZ,11142,ARGENTINA,PRESIDENTE,PSDB,45,PARTIDO DA SOCIAL DEMOCRACIA BRASILEIRA,1536
2006,1,ZZ,11142,ARGENTINA,PRESIDENTE,PSOL,50,PARTIDO SOCIALISMO E LIBERDADE,83
2006,1,ZZ,11142,ARGENTINA,PRESIDENTE,PDT,12,PARTIDO DEMOCRÁTICO TRABALHISTA,51
2006,1,ZZ,11142,ARGENTINA,PRESIDENTE,PRP,44,PARTIDO REPUBLICANO PROGRESSISTA,18
2006,1,ZZ,11142,ARGENTINA,PRESIDENTE,PSDC,27,PARTIDO SOCIAL DEMOCRATA CRISTÃO,3
2006,1,ZZ,11142,ARGENTINA,PRESIDENTE,PSL,17,PARTIDO SOCIAL LIBERAL,1
2006,1,ZZ,98981,AUSTRÁLIA,PRESIDENTE,PT,13,PARTIDO DOS TRABALHADORES,408
2006,2,ZZ,98981,AUSTRÁLIA,PRESIDENTE,PT,13,PARTIDO DOS TRABALHADORES,464
2006,2,ZZ,98981,AUSTRÁLIA,PRESIDENTE,PSDB,45,PARTIDO DA SOCIAL DEMOCRACIA BRASILEIRA,724
2006,1,ZZ,98981,AUSTRÁLIA,PRESIDENTE,PSDB,45,PARTIDO DA SOCIAL DEMOCRACIA BRASILEIRA,484
2006,1,ZZ,98981,AUSTRÁLIA,PRESIDENTE,PSOL,50,PARTIDO SOCIALISMO E LIBERDADE,39
2006,1,ZZ,98981,AUSTRÁLIA,PRESIDENTE,PDT,12,PARTIDO DEMOCRÁTICO TRABALHISTA,21
2006,1,ZZ,98981,AUSTRÁLIA,PRESIDENTE,PRP,44,PARTIDO REPUBLICANO PROGRESSISTA,6
2006,1,ZZ,98981,AUSTRÁLIA,PRESIDENTE,PSDC,27,PARTIDO SOCIAL DEMOCRATA CRISTÃO,2
2006,1,ZZ,98981,AUSTRÁLIA,PRESIDENTE,PSL,17,PARTIDO SOCIAL LIBERAL,4
2006,2,ZZ,98949,ÁUSTRIA,PRESIDENTE,PT,13,PARTIDO DOS TRABALHADORES,512
2006,1,ZZ,98949,ÁUSTRIA,PRESIDENTE,PT,13,PARTIDO DOS TRABALHADORES,424
2006,2,ZZ,98949,ÁUSTRIA,PRESIDENTE,PSDB,45,PARTIDO DA SOCIAL DEMOCRACIA BRASILEIRA,596
2006,1,ZZ,98949,ÁUSTRIA,PRESIDENTE,PSDB,45,PARTIDO DA SOCIAL DEMOCRACIA BRASILEIRA,456
2006,1,ZZ,98949,ÁUSTRIA,PRESIDENTE,PSOL,50,PARTIDO SOCIALISMO E LIBERDADE,27
2006,1,ZZ,98949,ÁUSTRIA,PRESIDENTE,PDT,12,PARTIDO DEMOCRÁTICO TRABALHISTA,28
2006,1,ZZ,98949,ÁUSTRIA,PRESIDENTE,PRP,44,PARTIDO REPUBLICANO PROGRESSISTA,4
2006,1,ZZ,98949,ÁUSTRIA,PRESIDENTE,PSDC,27,PARTIDO SOCIAL DEMOCRATA CRISTÃO,2
2006,2,ZZ,98922,BÉLGICA,PRESIDENTE,PT,13,PARTIDO DOS TRABALHADORES,1076
2006,1,ZZ,98922,BÉLGICA,PRESIDENTE,PT,13,PARTIDO DOS TRABALHADORES,1032
2006,2,ZZ,98922,BÉLGICA,PRESIDENTE,PSDB,45,PARTIDO DA SOCIAL DEMOCRACIA BRASILEIRA,644
2006,1,ZZ,98922,BÉLGICA,PRESIDENTE,PSDB,45,PARTIDO DA SOCIAL DEMOCRACIA BRASILEIRA,536
2006,1,ZZ,98922,BÉLGICA,PRESIDENTE,PSOL,50,PARTIDO SOCIALISMO E LIBERDADE,30
2006,1,ZZ,98922,BÉLGICA,PRESIDENTE,PDT,12,PARTIDO DEMOCRÁTICO TRABALHISTA,24
2006,1,ZZ,98922,BÉLGICA,PRESIDENTE,PRP,44,PARTIDO REPUBLICANO PROGRESSISTA,12
2006,1,ZZ,98922,BÉLGICA,PRESIDENTE,PSDC,27,PARTIDO SOCIAL DEMOCRATA CRISTÃO,3
2006,1,ZZ,98922,BÉLGICA,PRESIDENTE,PSL,17,PARTIDO SOCIAL LIBERAL,2
2006,2,ZZ,11800,BOLÍVIA,PRESIDENTE,PT,13,PARTIDO DOS TRABALHADORES,952
2006,1,ZZ,11800,BOLÍVIA,PRESIDENTE,PT,13,PARTIDO DOS TRABALHADORES,824
2006,2,ZZ,11800,BOLÍVIA,PRESIDENTE,PSDB,45,PARTIDO DA SOCIAL DEMOCRACIA BRASILEIRA,1460
2006,1,ZZ,11800,BOLÍVIA,PRESIDENTE,PSDB,45,PARTIDO DA SOCIAL DEMOCRACIA BRASILEIRA,1392
2006,1,ZZ,11800,BOLÍVIA,PRESIDENTE,PSOL,50,PARTIDO SOCIALISMO E LIBERDADE,40
2006,1,ZZ,11800,BOLÍVIA,PRESIDENTE,PDT,12,PARTIDO DEMOCRÁTICO TRABALHISTA,17
2006,1,ZZ,11800,BOLÍVIA,PRESIDENTE,PRP,44,PARTIDO REPUBLICANO PROGRESSISTA,12
2006,1,ZZ,11800,BOLÍVIA,PRESIDENTE,PSL,17,PARTIDO SOCIAL LIBERAL,2
2006,1,ZZ,98604,CABO VERDE,PRESIDENTE,PT,13,PARTIDO DOS TRABALHADORES,104
2006,2,ZZ,98604,CABO VERDE,PRESIDENTE,PT,13,PARTIDO DOS TRABALHADORES,144
2006,2,ZZ,98604,CABO VERDE,PRESIDENTE,PSDB,45,PARTIDO DA SOCIAL DEMOCRACIA BRASILEIRA,32
2006,1,ZZ,98604,CABO VERDE,PRESIDENTE,PSDB,45,PARTIDO DA SOCIAL DEMOCRACIA BRASILEIRA,36
2006,1,ZZ,98604,CABO VERDE,PRESIDENTE,PSOL,50,PARTIDO SOCIALISMO E LIBERDADE,6
2006,1,ZZ,98604,CABO VERDE,PRESIDENTE,PDT,12,PARTIDO DEMOCRÁTICO TRABALHISTA,3
2006,2,ZZ,98906,CANADÁ,PRESIDENTE,PT,13,PARTIDO DOS TRABALHADORES,2272
2006,1,ZZ,98906,CANADÁ,PRESIDENTE,PT,13,PARTIDO DOS TRABALHADORES,1876
2006,1,ZZ,98906,CANADÁ,PRESIDENTE,PSDB,45,PARTIDO DA SOCIAL DEMOCRACIA BRASILEIRA,3124
2006,2,ZZ,98906,CANADÁ,PRESIDENTE,PSDB,45,PARTIDO DA SOCIAL DEMOCRACIA BRASILEIRA,3692
2006,1,ZZ,98906,CANADÁ,PRESIDENTE,PSOL,50,PARTIDO SOCIALISMO E LIBERDADE,119
2006,1,ZZ,98906,CANADÁ,PRESIDENTE,PDT,12,PARTIDO DEMOCRÁTICO TRABALHISTA,109
2006,1,ZZ,98906,CANADÁ,PRESIDENTE,PRP,44,PARTIDO REPUBLICANO PROGRESSISTA,12
2006,1,ZZ,98906,CANADÁ,PRESIDENTE,PSDC,27,PARTIDO SOCIAL DEMOCRATA CRISTÃO,4
2006,1,ZZ,98906,CANADÁ,PRESIDENTE,PSL,17,PARTIDO SOCIAL LIBERAL,6
2006,2,ZZ,98566,CHECOSLOVÁQUIA,PRESIDENTE,PT,13,PARTIDO DOS TRABALHADORES,56
2006,1,ZZ,98566,CHECOSLOVÁQUIA,PRESIDENTE,PT,13,PARTIDO DOS TRABALHADORES,52
2006,1,ZZ,98566,CHECOSLOVÁQUIA,PRESIDENTE,PSDB,45,PARTIDO DA SOCIAL DEMOCRACIA BRASILEIRA,52
2006,2,ZZ,98566,CHECOSLOVÁQUIA,PRESIDENTE,PSDB,45,PARTIDO DA SOCIAL DEMOCRACIA BRASILEIRA,88
2006,1,ZZ,98566,CHECOSLOVÁQUIA,PRESIDENTE,PSOL,50,PARTIDO SOCIALISMO E LIBERDADE,4
2006,1,ZZ,98566,CHECOSLOVÁQUIA,PRESIDENTE,PDT,12,PARTIDO DEMOCRÁTICO TRABALHISTA,3
2006,1,ZZ,11169,CHILE,PRESIDENTE,PT,13,PARTIDO DOS TRABALHADORES,836
2006,2,ZZ,11169,CHILE,PRESIDENTE,PT,13,PARTIDO DOS TRABALHADORES,944
2006,2,ZZ,11169,CHILE,PRESIDENTE,PSDB,45,PARTIDO DA SOCIAL DEMOCRACIA BRASILEIRA,1640
2006,1,ZZ,11169,CHILE,PRESIDENTE,PSDB,45,PARTIDO DA SOCIAL DEMOCRACIA BRASILEIRA,1472
2006,1,ZZ,11169,CHILE,PRESIDENTE,PSOL,50,PARTIDO SOCIALISMO E LIBERDADE,40
2006,1,ZZ,11169,CHILE,PRESIDENTE,PDT,12,PARTIDO DEMOCRÁTICO TRABALHISTA,26
2006,1,ZZ,11169,CHILE,PRESIDENTE,PRP,44,PARTIDO REPUBLICANO PROGRESSISTA,14
2006,1,ZZ,11169,CHILE,PRESIDENTE,PSDC,27,PARTIDO SOCIAL DEMOCRATA CRISTÃO,2
2006,1,ZZ,11169,CHILE,PRESIDENTE,PSL,17,PARTIDO SOCIAL LIBERAL,4
2006,2,ZZ,98540,CHINA,PRESIDENTE,PT,13,PARTIDO DOS TRABALHADORES,48
2006,1,ZZ,98540,CHINA,PRESIDENTE,PT,13,PARTIDO DOS TRABALHADORES,32
2006,1,ZZ,98540,CHINA,PRESIDENTE,PSDB,45,PARTIDO DA SOCIAL DEMOCRACIA BRASILEIRA,80
2006,2,ZZ,98540,CHINA,PRESIDENTE,PSDB,45,PARTIDO DA SOCIAL DEMOCRACIA BRASILEIRA,184
2006,1,ZZ,98540,CHINA,PRESIDENTE,PSOL,50,PARTIDO SOCIALISMO E LIBERDADE,4
2006,1,ZZ,98540,CHINA,PRESIDENTE,PDT,12,PARTIDO DEMOCRÁTICO TRABALHISTA,3
2006,1,ZZ,98523,CINGAPURA,PRESIDENTE,PT,13,PARTIDO DOS TRABALHADORES,84
2006,2,ZZ,98523,CINGAPURA,PRESIDENTE,PT,13,PARTIDO DOS TRABALHADORES,88
2006,1,ZZ,98523,CINGAPURA,PRESIDENTE,PSDB,45,PARTIDO DA SOCIAL DEMOCRACIA BRASILEIRA,300
2006,2,ZZ,98523,CINGAPURA,PRESIDENTE,PSDB,45,PARTIDO DA SOCIAL DEMOCRACIA BRASILEIRA,276
2006,1,ZZ,98523,CINGAPURA,PRESIDENTE,PSOL,50,PARTIDO SOCIALISMO E LIBERDADE,1
2006,1,ZZ,98523,CINGAPURA,PRESIDENTE,PDT,12,PARTIDO DEMOCRÁTICO TRABALHISTA,3
2006,1,ZZ,98523,CINGAPURA,PRESIDENTE,PRP,44,PARTIDO REPUBLICANO PROGRESSISTA,2
2006,1,ZZ,98523,CINGAPURA,PRESIDENTE,PSDC,27,PARTIDO SOCIAL DEMOCRATA CRISTÃO,1
2006,1,ZZ,11185,COLÔMBIA,PRESIDENTE,PT,13,PARTIDO DOS TRABALHADORES,172
2006,2,ZZ,11185,COLÔMBIA,PRESIDENTE,PT,13,PARTIDO DOS TRABALHADORES,176
2006,2,ZZ,11185,COLÔMBIA,PRESIDENTE,PSDB,45,PARTIDO DA SOCIAL DEMOCRACIA BRASILEIRA,436
2006,1,ZZ,11185,COLÔMBIA,PRESIDENTE,PSDB,45,PARTIDO DA SOCIAL DEMOCRACIA BRASILEIRA,396
2006,1,ZZ,11185,COLÔMBIA,PRESIDENTE,PSOL,50,PARTIDO SOCIALISMO E LIBERDADE,7
2006,1,ZZ,11185,COLÔMBIA,PRESIDENTE,PDT,12,PARTIDO DEMOCRÁTICO TRABALHISTA,7
2006,1,ZZ,11185,COLÔMBIA,PRESIDENTE,PRP,44,PARTIDO REPUBLICANO PROGRESSISTA,1
2006,1,ZZ,11185,COLÔMBIA,PRESIDENTE,PSDC,27,PARTIDO SOCIAL DEMOCRATA CRISTÃO,1
2006,1,ZZ,11207,CORÉIA,PRESIDENTE,PT,13,PARTIDO DOS TRABALHADORES,56
2006,2,ZZ,11207,CORÉIA,PRESIDENTE,PT,13,PARTIDO DOS TRABALHADORES,56
2006,2,ZZ,11207,CORÉIA,PRESIDENTE,PSDB,45,PARTIDO DA SOCIAL DEMOCRACIA BRASILEIRA,84
2006,1,ZZ,11207,CORÉIA,PRESIDENTE,PSDB,45,PARTIDO DA SOCIAL DEMOCRACIA BRASILEIRA,52
2006,1,ZZ,11207,CORÉIA,PRESIDENTE,PDT,12,PARTIDO DEMOCRÁTICO TRABALHISTA,6
2006,1,ZZ,11207,CORÉIA,PRESIDENTE,PRP,44,PARTIDO REPUBLICANO PROGRESSISTA,1
2006,1,ZZ,98582,COSTA DO MARFIM,PRESIDENTE,PT,13,PARTIDO DOS TRABALHADORES,84
2006,2,ZZ,98582,COSTA DO MARFIM,PRESIDENTE,PT,13,PARTIDO DOS TRABALHADORES,80
2006,1,ZZ,98582,COSTA DO MARFIM,PRESIDENTE,PSDB,45,PARTIDO DA SOCIAL DEMOCRACIA BRASILEIRA,8
2006,2,ZZ,98582,COSTA DO MARFIM,PRESIDENTE,PSDB,45,PARTIDO DA SOCIAL DEMOCRACIA BRASILEIRA,16
2006,1,ZZ,98582,COSTA DO MARFIM,PRESIDENTE,PSOL,50,PARTIDO SOCIALISMO E LIBERDADE,1
2006,1,ZZ,98507,COSTA RICA,PRESIDENTE,PT,13,PARTIDO DOS TRABALHADORES,128
2006,2,ZZ,98507,COSTA RICA,PRESIDENTE,PT,13,PARTIDO DOS TRABALHADORES,260
2006,2,ZZ,98507,COSTA RICA,PRESIDENTE,PSDB,45,PARTIDO DA SOCIAL DEMOCRACIA BRASILEIRA,144
2006,1,ZZ,98507,COSTA RICA,PRESIDENTE,PSDB,45,PARTIDO DA SOCIAL DEMOCRACIA BRASILEIRA,240
2006,1,ZZ,98507,COSTA RICA,PRESIDENTE,PSOL,50,PARTIDO SOCIALISMO E LIBERDADE,5
2006,1,ZZ,98507,COSTA RICA,PRESIDENTE,PDT,12,PARTIDO DEMOCRÁTICO TRABALHISTA,3
2006,1,ZZ,98507,COSTA RICA,PRESIDENTE,PRP,44,PARTIDO REPUBLICANO PROGRESSISTA,2
2006,1,ZZ,98868,CUBA,PRESIDENTE,PT,13,PARTIDO DOS TRABALHADORES,908
2006,2,ZZ,98868,CUBA,PRESIDENTE,PT,13,PARTIDO DOS TRABALHADORES,984
2006,2,ZZ,98868,CUBA,PRESIDENTE,PSDB,45,PARTIDO DA SOCIAL DEMOCRACIA BRASILEIRA,48
2006,1,ZZ,98868,CUBA,PRESIDENTE,PSDB,45,PARTIDO DA SOCIAL DEMOCRACIA BRASILEIRA,40
2006,1,ZZ,98868,CUBA,PRESIDENTE,PSOL,50,PARTIDO SOCIALISMO E LIBERDADE,12
2006,1,ZZ,98868,CUBA,PRESIDENTE,PDT,12,PARTIDO DEMOCRÁTICO TRABALHISTA,6
2006,1,ZZ,98485,DINAMARCA,PRESIDENTE,PT,13,PARTIDO DOS TRABALHADORES,500
2006,2,ZZ,98485,DINAMARCA,PRESIDENTE,PT,13,PARTIDO DOS TRABALHADORES,536
2006,1,ZZ,98485,DINAMARCA,PRESIDENTE,PSDB,45,PARTIDO DA SOCIAL DEMOCRACIA BRASILEIRA,348
2006,2,ZZ,98485,DINAMARCA,PRESIDENTE,PSDB,45,PARTIDO DA SOCIAL DEMOCRACIA BRASILEIRA,408
2006,1,ZZ,98485,DINAMARCA,PRESIDENTE,PSOL,50,PARTIDO SOCIALISMO E LIBERDADE,33
2006,1,ZZ,98485,DINAMARCA,PRESIDENTE,PDT,12,PARTIDO DEMOCRÁTICO TRABALHISTA,16
2006,1,ZZ,98485,DINAMARCA,PRESIDENTE,PRP,44,PARTIDO REPUBLICANO PROGRESSISTA,7
2006,1,ZZ,98485,DINAMARCA,PRESIDENTE,PSDC,27,PARTIDO SOCIAL DEMOCRATA CRISTÃO,1
2006,1,ZZ,98086,EGITO,PRESIDENTE,PT,13,PARTIDO DOS TRABALHADORES,140
2006,2,ZZ,98086,EGITO,PRESIDENTE,PT,13,PARTIDO DOS TRABALHADORES,160
2006,1,ZZ,98086,EGITO,PRESIDENTE,PSDB,45,PARTIDO DA SOCIAL DEMOCRACIA BRASILEIRA,92
2006,2,ZZ,98086,EGITO,PRESIDENTE,PSDB,45,PARTIDO DA SOCIAL DEMOCRACIA BRASILEIRA,100
2006,1,ZZ,98086,EGITO,PRESIDENTE,PSOL,50,PARTIDO SOCIALISMO E LIBERDADE,3
2006,1,ZZ,98086,EGITO,PRESIDENTE,PDT,12,PARTIDO DEMOCRÁTICO TRABALHISTA,9
2006,1,ZZ,98086,EGITO,PRESIDENTE,PRP,44,PARTIDO REPUBLICANO PROGRESSISTA,4
2006,2,ZZ,98469,EL SALVADOR,PRESIDENTE,PT,13,PARTIDO DOS TRABALHADORES,232
2006,1,ZZ,98469,EL SALVADOR,PRESIDENTE,PT,13,PARTIDO DOS TRABALHADORES,216
2006,1,ZZ,98469,EL SALVADOR,PRESIDENTE,PSDB,45,PARTIDO DA SOCIAL DEMOCRACIA BRASILEIRA,160
2006,2,ZZ,98469,EL SALVADOR,PRESIDENTE,PSDB,45,PARTIDO DA SOCIAL DEMOCRACIA BRASILEIRA,196
2006,1,ZZ,98469,EL SALVADOR,PRESIDENTE,PSOL,50,PARTIDO SOCIALISMO E LIBERDADE,4
2006,1,ZZ,98469,EL SALVADOR,PRESIDENTE,PDT,12,PARTIDO DEMOCRÁTICO TRABALHISTA,8
2006,1,ZZ,98469,EL SALVADOR,PRESIDENTE,PRP,44,PARTIDO REPUBLICANO PROGRESSISTA,2
2006,1,ZZ,98469,EL SALVADOR,PRESIDENTE,PSDC,27,PARTIDO SOCIAL DEMOCRATA CRISTÃO,1
2006,1,ZZ,98469,EL SALVADOR,PRESIDENTE,PSL,17,PARTIDO SOCIAL LIBERAL,1
2006,2,ZZ,98728,EMIRADOS ÁRABES,PRESIDENTE,PT,13,PARTIDO DOS TRABALHADORES,8
2006,1,ZZ,98728,EMIRADOS ÁRABES,PRESIDENTE,PT,13,PARTIDO DOS TRABALHADORES,12
2006,1,ZZ,98728,EMIRADOS ÁRABES,PRESIDENTE,PSDB,45,PARTIDO DA SOCIAL DEMOCRACIA BRASILEIRA,16
2006,2,ZZ,98728,EMIRADOS ÁRABES,PRESIDENTE,PSDB,45,PARTIDO DA SOCIAL DEMOCRACIA BRASILEIRA,12
2006,1,ZZ,98728,EMIRADOS ÁRABES,PRESIDENTE,PRP,44,PARTIDO REPUBLICANO PROGRESSISTA,1
2006,1,ZZ,11223,EQUADOR,PRESIDENTE,PT,13,PARTIDO DOS TRABALHADORES,156
2006,2,ZZ,11223,EQUADOR,PRESIDENTE,PT,13,PARTIDO DOS TRABALHADORES,208
2006,1,ZZ,11223,EQUADOR,PRESIDENTE,PSDB,45,PARTIDO DA SOCIAL DEMOCRACIA BRASILEIRA,356
2006,2,ZZ,11223,EQUADOR,PRESIDENTE,PSDB,45,PARTIDO DA SOCIAL DEMOCRACIA BRASILEIRA,340
2006,1,ZZ,11223,EQUADOR,PRESIDENTE,PSOL,50,PARTIDO SOCIALISMO E LIBERDADE,11
2006,1,ZZ,11223,EQUADOR,PRESIDENTE,PDT,12,PARTIDO DEMOCRÁTICO TRABALHISTA,6
2006,1,ZZ,11223,EQUADOR,PRESIDENTE,PSL,17,PARTIDO SOCIAL LIBERAL,1
2006,1,ZZ,11240,ESPANHA,PRESIDENTE,PT,13,PARTIDO DOS TRABALHADORES,1344
2006,2,ZZ,11240,ESPANHA,PRESIDENTE,PT,13,PARTIDO DOS TRABALHADORES,1608
2006,1,ZZ,11240,ESPANHA,PRESIDENTE,PSDB,45,PARTIDO DA SOCIAL DEMOCRACIA BRASILEIRA,956
2006,2,ZZ,11240,ESPANHA,PRESIDENTE,PSDB,45,PARTIDO DA SOCIAL DEMOCRACIA BRASILEIRA,1216
2006,1,ZZ,11240,ESPANHA,PRESIDENTE,PSOL,50,PARTIDO SOCIALISMO E LIBERDADE,56
2006,1,ZZ,11240,ESPANHA,PRESIDENTE,PDT,12,PARTIDO DEMOCRÁTICO TRABALHISTA,45
2006,1,ZZ,11240,ESPANHA,PRESIDENTE,PRP,44,PARTIDO REPUBLICANO PROGRESSISTA,7
2006,1,ZZ,11240,ESPANHA,PRESIDENTE,PSDC,27,PARTIDO SOCIAL DEMOCRATA CRISTÃO,2
2006,1,ZZ,11240,ESPANHA,PRESIDENTE,PSL,17,PARTIDO SOCIAL LIBERAL,1
2006,1,ZZ,11266,ESTADOS UNIDOS,PRESIDENTE,PT,13,PARTIDO DOS TRABALHADORES,15296
2006,2,ZZ,11266,ESTADOS UNIDOS,PRESIDENTE,PT,13,PARTIDO DOS TRABALHADORES,18808
2006,2,ZZ,11266,ESTADOS UNIDOS,PRESIDENTE,PSDB,45,PARTIDO DA SOCIAL DEMOCRACIA BRASILEIRA,33508
2006,1,ZZ,11266,ESTADOS UNIDOS,PRESIDENTE,PSDB,45,PARTIDO DA SOCIAL DEMOCRACIA BRASILEIRA,28080
2006,1,ZZ,11266,ESTADOS UNIDOS,PRESIDENTE,PSOL,50,PARTIDO SOCIALISMO E LIBERDADE,1371
2006,1,ZZ,11266,ESTADOS UNIDOS,PRESIDENTE,PDT,12,PARTIDO DEMOCRÁTICO TRABALHISTA,685
2006,1,ZZ,11266,ESTADOS UNIDOS,PRESIDENTE,PRP,44,PARTIDO REPUBLICANO PROGRESSISTA,173
2006,1,ZZ,11266,ESTADOS UNIDOS,PRESIDENTE,PSDC,27,PARTIDO SOCIAL DEMOCRATA CRISTÃO,27
2006,1,ZZ,11266,ESTADOS UNIDOS,PRESIDENTE,PSL,17,PARTIDO SOCIAL LIBERAL,37
2006,2,ZZ,98442,FILIPINAS,PRESIDENTE,PT,13,PARTIDO DOS TRABALHADORES,104
2006,1,ZZ,98442,FILIPINAS,PRESIDENTE,PT,13,PARTIDO DOS TRABALHADORES,84
2006,1,ZZ,98442,FILIPINAS,PRESIDENTE,PSDB,45,PARTIDO DA SOCIAL DEMOCRACIA BRASILEIRA,36
2006,2,ZZ,98442,FILIPINAS,PRESIDENTE,PSDB,45,PARTIDO DA SOCIAL DEMOCRACIA BRASILEIRA,24
2006,1,ZZ,98442,FILIPINAS,PRESIDENTE,PSOL,50,PARTIDO SOCIALISMO E LIBERDADE,3
2006,1,ZZ,98442,FILIPINAS,PRESIDENTE,PRP,44,PARTIDO REPUBLICANO PROGRESSISTA,1
2006,1,ZZ,98426,FINLÂNDIA,PRESIDENTE,PT,13,PARTIDO DOS TRABALHADORES,132
2006,2,ZZ,98426,FINLÂNDIA,PRESIDENTE,PT,13,PARTIDO DOS TRABALHADORES,140
2006,2,ZZ,98426,FINLÂNDIA,PRESIDENTE,PSDB,45,PARTIDO DA SOCIAL DEMOCRACIA BRASILEIRA,180
2006,1,ZZ,98426,FINLÂNDIA,PRESIDENTE,PSDB,45,PARTIDO DA SOCIAL DEMOCRACIA BRASILEIRA,128
2006,1,ZZ,98426,FINLÂNDIA,PRESIDENTE,PSOL,50,PARTIDO SOCIALISMO E LIBERDADE,10
2006,1,ZZ,98426,FINLÂNDIA,PRESIDENTE,PDT,12,PARTIDO DEMOCRÁTICO TRABALHISTA,4
2006,1,ZZ,98426,FINLÂNDIA,PRESIDENTE,PRP,44,PARTIDO REPUBLICANO PROGRESSISTA,3
2006,2,ZZ,11282,FRANÇA,PRESIDENTE,PT,13,PARTIDO DOS TRABALHADORES,2712
2006,1,ZZ,11282,FRANÇA,PRESIDENTE,PT,13,PARTIDO DOS TRABALHADORES,2428
2006,2,ZZ,11282,FRANÇA,PRESIDENTE,PSDB,45,PARTIDO DA SOCIAL DEMOCRACIA BRASILEIRA,1740
2006,1,ZZ,11282,FRANÇA,PRESIDENTE,PSDB,45,PARTIDO DA SOCIAL DEMOCRACIA BRASILEIRA,1612
2006,1,ZZ,11282,FRANÇA,PRESIDENTE,PSOL,50,PARTIDO SOCIALISMO E LIBERDADE,83
2006,1,ZZ,11282,FRANÇA,PRESIDENTE,PDT,12,PARTIDO DEMOCRÁTICO TRABALHISTA,70
2006,1,ZZ,11282,FRANÇA,PRESIDENTE,PRP,44,PARTIDO REPUBLICANO PROGRESSISTA,14
2006,1,ZZ,11282,FRANÇA,PRESIDENTE,PSDC,27,PARTIDO SOCIAL DEMOCRATA CRISTÃO,1
2006,1,ZZ,11282,FRANÇA,PRESIDENTE,PSL,17,PARTIDO SOCIAL LIBERAL,1
2006,2,ZZ,98060,GABÃO,PRESIDENTE,PT,13,PARTIDO DOS TRABALHADORES,28
2006,1,ZZ,98060,GABÃO,PRESIDENTE,PT,13,PARTIDO DOS TRABALHADORES,36
2006,2,ZZ,98060,GABÃO,PRESIDENTE,PSDB,45,PARTIDO DA SOCIAL DEMOCRACIA BRASILEIRA,28
2006,1,ZZ,98060,GABÃO,PRESIDENTE,PSDB,45,PARTIDO DA SOCIAL DEMOCRACIA BRASILEIRA,28
2006,1,ZZ,98060,GABÃO,PRESIDENTE,PSOL,50,PARTIDO SOCIALISMO E LIBERDADE,1
2006,1,ZZ,11827,GRÉCIA,PRESIDENTE,PT,13,PARTIDO DOS TRABALHADORES,276
2006,2,ZZ,11827,GRÉCIA,PRESIDENTE,PT,13,PARTIDO DOS TRABALHADORES,348
2006,2,ZZ,11827,GRÉCIA,PRESIDENTE,PSDB,45,PARTIDO DA SOCIAL DEMOCRACIA BRASILEIRA,184
2006,1,ZZ,11827,GRÉCIA,PRESIDENTE,PSDB,45,PARTIDO DA SOCIAL DEMOCRACIA BRASILEIRA,136
2006,1,ZZ,11827,GRÉCIA,PRESIDENTE,PSOL,50,PARTIDO SOCIALISMO E LIBERDADE,12
2006,1,ZZ,11827,GRÉCIA,PRESIDENTE,PDT,12,PARTIDO DEMOCRÁTICO TRABALHISTA,9
2006,1,ZZ,11827,GRÉCIA,PRESIDENTE,PRP,44,PARTIDO REPUBLICANO PROGRESSISTA,5
2006,1,ZZ,11827,GRÉCIA,PRESIDENTE,PSDC,27,PARTIDO SOCIAL DEMOCRATA CRISTÃO,1
2006,1,ZZ,11827,GRÉCIA,PRESIDENTE,PSL,17,PARTIDO SOCIAL LIBERAL,1
2006,2,ZZ,98000,GUATEMALA,PRESIDENTE,PT,13,PARTIDO DOS TRABALHADORES,168
2006,1,ZZ,98000,GUATEMALA,PRESIDENTE,PT,13,PARTIDO DOS TRABALHADORES,156
2006,1,ZZ,98000,GUATEMALA,PRESIDENTE,PSDB,45,PARTIDO DA SOCIAL DEMOCRACIA BRASILEIRA,232
2006,2,ZZ,98000,GUATEMALA,PRESIDENTE,PSDB,45,PARTIDO DA SOCIAL DEMOCRACIA BRASILEIRA,208
2006,1,ZZ,98000,GUATEMALA,PRESIDENTE,PSOL,50,PARTIDO SOCIALISMO E LIBERDADE,3
2006,1,ZZ,98000,GUATEMALA,PRESIDENTE,PRP,44,PARTIDO REPUBLICANO PROGRESSISTA,4
2006,2,ZZ,11304,GUIANA,PRESIDENTE,PT,13,PARTIDO DOS TRABALHADORES,36
2006,1,ZZ,11304,GUIANA,PRESIDENTE,PT,13,PARTIDO DOS TRABALHADORES,56
2006,1,ZZ,11304,GUIANA,PRESIDENTE,PSDB,45,PARTIDO DA SOCIAL DEMOCRACIA BRASILEIRA,64
2006,2,ZZ,11304,GUIANA,PRESIDENTE,PSDB,45,PARTIDO DA SOCIAL DEMOCRACIA BRASILEIRA,80
2006,1,ZZ,11304,GUIANA,PRESIDENTE,PSOL,50,PARTIDO SOCIALISMO E LIBERDADE,3
2006,1,ZZ,11304,GUIANA,PRESIDENTE,PDT,12,PARTIDO DEMOCRÁTICO TRABALHISTA,1
2006,2,ZZ,11320,GUIANA FRANCESA,PRESIDENTE,PT,13,PARTIDO DOS TRABALHADORES,2556
2006,1,ZZ,11320,GUIANA FRANCESA,PRESIDENTE,PT,13,PARTIDO DOS TRABALHADORES,2232
2006,2,ZZ,11320,GUIANA FRANCESA,PRESIDENTE,PSDB,45,PARTIDO DA SOCIAL DEMOCRACIA BRASILEIRA,1480
2006,1,ZZ,11320,GUIANA FRANCESA,PRESIDENTE,PSDB,45,PARTIDO DA SOCIAL DEMOCRACIA BRASILEIRA,1480
2006,1,ZZ,11320,GUIANA FRANCESA,PRESIDENTE,PSOL,50,PARTIDO SOCIALISMO E LIBERDADE,80
2006,1,ZZ,11320,GUIANA FRANCESA,PRESIDENTE,PDT,12,PARTIDO DEMOCRÁTICO TRABALHISTA,16
2006,1,ZZ,11320,GUIANA FRANCESA,PRESIDENTE,PRP,44,PARTIDO REPUBLICANO PROGRESSISTA,9
2006,1,ZZ,11320,GUIANA FRANCESA,PRESIDENTE,PSDC,27,PARTIDO SOCIAL DEMOCRATA CRISTÃO,1
2006,1,ZZ,11320,GUIANA FRANCESA,PRESIDENTE,PSL,17,PARTIDO SOCIAL LIBERAL,2
2006,2,ZZ,98027,GUINÉ BISSAU,PRESIDENTE,PT,13,PARTIDO DOS TRABALHADORES,168
2006,1,ZZ,98027,GUINÉ BISSAU,PRESIDENTE,PT,13,PARTIDO DOS TRABALHADORES,172
2006,1,ZZ,98027,GUINÉ BISSAU,PRESIDENTE,PSDB,45,PARTIDO DA SOCIAL DEMOCRACIA BRASILEIRA,60
2006,2,ZZ,98027,GUINÉ BISSAU,PRESIDENTE,PSDB,45,PARTIDO DA SOCIAL DEMOCRACIA BRASILEIRA,108
2006,1,ZZ,98027,GUINÉ BISSAU,PRESIDENTE,PSOL,50,PARTIDO SOCIALISMO E LIBERDADE,7
2006,1,ZZ,98027,GUINÉ BISSAU,PRESIDENTE,PDT,12,PARTIDO DEMOCRÁTICO TRABALHISTA,2
2006,1,ZZ,29246,HAITI,PRESIDENTE,PT,13,PARTIDO DOS TRABALHADORES,48
2006,2,ZZ,29246,HAITI,PRESIDENTE,PT,13,PARTIDO DOS TRABALHADORES,72
2006,2,ZZ,29246,HAITI,PRESIDENTE,PSDB,45,PARTIDO DA SOCIAL DEMOCRACIA BRASILEIRA,28
2006,1,ZZ,29246,HAITI,PRESIDENTE,PSDB,45,PARTIDO DA SOCIAL DEMOCRACIA BRASILEIRA,28
2006,1,ZZ,29246,HAITI,PRESIDENTE,PSOL,50,PARTIDO SOCIALISMO E LIBERDADE,1
2006,1,ZZ,29246,HAITI,PRESIDENTE,PDT,12,PARTIDO DEMOCRÁTICO TRABALHISTA,4
2006,2,ZZ,29076,HONDURAS,PRESIDENTE,PT,13,PARTIDO DOS TRABALHADORES,116
2006,1,ZZ,29076,HONDURAS,PRESIDENTE,PT,13,PARTIDO DOS TRABALHADORES,108
2006,2,ZZ,29076,HONDURAS,PRESIDENTE,PSDB,45,PARTIDO DA SOCIAL DEMOCRACIA BRASILEIRA,40
2006,1,ZZ,29076,HONDURAS,PRESIDENTE,PSDB,45,PARTIDO DA SOCIAL DEMOCRACIA BRASILEIRA,16
2006,1,ZZ,29076,HONDURAS,PRESIDENTE,PSOL,50,PARTIDO SOCIALISMO E LIBERDADE,2
2006,1,ZZ,29076,HONDURAS,PRESIDENTE,PDT,12,PARTIDO DEMOCRÁTICO TRABALHISTA,10
2006,2,ZZ,29025,HONG KONG,PRESIDENTE,PT,13,PARTIDO DOS TRABALHADORES,32
2006,1,ZZ,29025,HONG KONG,PRESIDENTE,PT,13,PARTIDO DOS TRABALHADORES,32
2006,1,ZZ,29025,HONG KONG,PRESIDENTE,PSDB,45,PARTIDO DA SOCIAL DEMOCRACIA BRASILEIRA,120
2006,2,ZZ,29025,HONG KONG,PRESIDENTE,PSDB,45,PARTIDO DA SOCIAL DEMOCRACIA BRASILEIRA,136
2006,1,ZZ,29025,HONG KONG,PRESIDENTE,PSOL,50,PARTIDO SOCIALISMO E LIBERDADE,2
2006,1,ZZ,29025,HONG KONG,PRESIDENTE,PDT,12,PARTIDO DEMOCRÁTICO TRABALHISTA,4
2006,1,ZZ,29025,HONG KONG,PRESIDENTE,PRP,44,PARTIDO REPUBLICANO PROGRESSISTA,1
2006,1,ZZ,29025,HONG KONG,PRESIDENTE,PSDC,27,PARTIDO SOCIAL DEMOCRATA CRISTÃO,2
2006,1,ZZ,29238,HUNGRIA,PRESIDENTE,PT,13,PARTIDO DOS TRABALHADORES,56
2006,2,ZZ,29238,HUNGRIA,PRESIDENTE,PT,13,PARTIDO DOS TRABALHADORES,52
2006,1,ZZ,29238,HUNGRIA,PRESIDENTE,PSDB,45,PARTIDO DA SOCIAL DEMOCRACIA BRASILEIRA,80
2006,2,ZZ,29238,HUNGRIA,PRESIDENTE,PSDB,45,PARTIDO DA SOCIAL DEMOCRACIA BRASILEIRA,72
2006,1,ZZ,29238,HUNGRIA,PRESIDENTE,PSOL,50,PARTIDO SOCIALISMO E LIBERDADE,3
2006,1,ZZ,29238,HUNGRIA,PRESIDENTE,PDT,12,PARTIDO DEMOCRÁTICO TRABALHISTA,4
2006,2,ZZ,98825,ÍNDIA,PRESIDENTE,PT,13,PARTIDO DOS TRABALHADORES,24
2006,1,ZZ,98825,ÍNDIA,PRESIDENTE,PT,13,PARTIDO DOS TRABALHADORES,64
2006,2,ZZ,98825,ÍNDIA,PRESIDENTE,PSDB,45,PARTIDO DA SOCIAL DEMOCRACIA BRASILEIRA,56
2006,1,ZZ,98825,ÍNDIA,PRESIDENTE,PSDB,45,PARTIDO DA SOCIAL DEMOCRACIA BRASILEIRA,64
2006,1,ZZ,98825,ÍNDIA,PRESIDENTE,PSOL,50,PARTIDO SOCIALISMO E LIBERDADE,1
2006,1,ZZ,98825,ÍNDIA,PRESIDENTE,PDT,12,PARTIDO DEMOCRÁTICO TRABALHISTA,2
2006,2,ZZ,29211,INDONÉSIA,PRESIDENTE,PT,13,PARTIDO DOS TRABALHADORES,36
2006,1,ZZ,29211,INDONÉSIA,PRESIDENTE,PT,13,PARTIDO DOS TRABALHADORES,40
2006,2,ZZ,29211,INDONÉSIA,PRESIDENTE,PSDB,45,PARTIDO DA SOCIAL DEMOCRACIA BRASILEIRA,28
2006,1,ZZ,29211,INDONÉSIA,PRESIDENTE,PSDB,45,PARTIDO DA SOCIAL DEMOCRACIA BRASILEIRA,32
2006,1,ZZ,29211,INDONÉSIA,PRESIDENTE,PSOL,50,PARTIDO SOCIALISMO E LIBERDADE,2
2006,2,ZZ,98841,INGLATERRA,PRESIDENTE,PT,13,PARTIDO DOS TRABALHADORES,3124
2006,1,ZZ,98841,INGLATERRA,PRESIDENTE,PT,13,PARTIDO DOS TRABALHADORES,2764
2006,2,ZZ,98841,INGLATERRA,PRESIDENTE,PSDB,45,PARTIDO DA SOCIAL DEMOCRACIA BRASILEIRA,3624
2006,1,ZZ,98841,INGLATERRA,PRESIDENTE,PSDB,45,PARTIDO DA SOCIAL DEMOCRACIA BRASILEIRA,2872
2006,1,ZZ,98841,INGLATERRA,PRESIDENTE,PSOL,50,PARTIDO SOCIALISMO E LIBERDADE,143
2006,1,ZZ,98841,INGLATERRA,PRESIDENTE,PDT,12,PARTIDO DEMOCRÁTICO TRABALHISTA,91
2006,1,ZZ,98841,INGLATERRA,PRESIDENTE,PRP,44,PARTIDO REPUBLICANO PROGRESSISTA,14
2006,1,ZZ,98841,INGLATERRA,PRESIDENTE,PSDC,27,PARTIDO SOCIAL DEMOCRATA CRISTÃO,4
2006,1,ZZ,98841,INGLATERRA,PRESIDENTE,PSL,17,PARTIDO SOCIAL LIBERAL,4
2006,1,ZZ,29033,IRLANDA,PRESIDENTE,PT,13,PARTIDO DOS TRABALHADORES,52
2006,2,ZZ,29033,IRLANDA,PRESIDENTE,PT,13,PARTIDO DOS TRABALHADORES,60
2006,2,ZZ,29033,IRLANDA,PRESIDENTE,PSDB,45,PARTIDO DA SOCIAL DEMOCRACIA BRASILEIRA,152
2006,1,ZZ,29033,IRLANDA,PRESIDENTE,PSDB,45,PARTIDO DA SOCIAL DEMOCRACIA BRASILEIRA,96
2006,1,ZZ,29033,IRLANDA,PRESIDENTE,PSOL,50,PARTIDO SOCIALISMO E LIBERDADE,10
2006,1,ZZ,29033,IRLANDA,PRESIDENTE,PDT,12,PARTIDO DEMOCRÁTICO TRABALHISTA,8
2006,1,ZZ,29033,IRLANDA,PRESIDENTE,PRP,44,PARTIDO REPUBLICANO PROGRESSISTA,2
2006,1,ZZ,29033,IRLANDA,PRESIDENTE,PSDC,27,PARTIDO SOCIAL DEMOCRATA CRISTÃO,1
2006,1,ZZ,11347,ISRAEL,PRESIDENTE,PT,13,PARTIDO DOS TRABALHADORES,1212
2006,2,ZZ,11347,ISRAEL,PRESIDENTE,PT,13,PARTIDO DOS TRABALHADORES,1980
2006,2,ZZ,11347,ISRAEL,PRESIDENTE,PSDB,45,PARTIDO DA SOCIAL DEMOCRACIA BRASILEIRA,276
2006,1,ZZ,11347,ISRAEL,PRESIDENTE,PSDB,45,PARTIDO DA SOCIAL DEMOCRACIA BRASILEIRA,216
2006,1,ZZ,11347,ISRAEL,PRESIDENTE,PSOL,50,PARTIDO SOCIALISMO E LIBERDADE,7
2006,1,ZZ,11347,ISRAEL,PRESIDENTE,PDT,12,PARTIDO DEMOCRÁTICO TRABALHISTA,16
2006,1,ZZ,11347,ISRAEL,PRESIDENTE,PRP,44,PARTIDO REPUBLICANO PROGRESSISTA,14
2006,1,ZZ,11347,ISRAEL,PRESIDENTE,PSDC,27,PARTIDO SOCIAL DEMOCRATA CRISTÃO,1
2006,1,ZZ,11347,ISRAEL,PRESIDENTE,PSL,17,PARTIDO SOCIAL LIBERAL,4
2006,1,ZZ,11363,ITÁLIA,PRESIDENTE,PT,13,PARTIDO DOS TRABALHADORES,4316
2006,2,ZZ,11363,ITÁLIA,PRESIDENTE,PT,13,PARTIDO DOS TRABALHADORES,4716
2006,2,ZZ,11363,ITÁLIA,PRESIDENTE,PSDB,45,PARTIDO DA SOCIAL DEMOCRACIA BRASILEIRA,4048
2006,1,ZZ,11363,ITÁLIA,PRESIDENTE,PSDB,45,PARTIDO DA SOCIAL DEMOCRACIA BRASILEIRA,3188
2006,1,ZZ,11363,ITÁLIA,PRESIDENTE,PSOL,50,PARTIDO SOCIALISMO E LIBERDADE,170
2006,1,ZZ,11363,ITÁLIA,PRESIDENTE,PDT,12,PARTIDO DEMOCRÁTICO TRABALHISTA,90
2006,1,ZZ,11363,ITÁLIA,PRESIDENTE,PRP,44,PARTIDO REPUBLICANO PROGRESSISTA,70
2006,1,ZZ,11363,ITÁLIA,PRESIDENTE,PSDC,27,PARTIDO SOCIAL DEMOCRATA CRISTÃO,11
2006,1,ZZ,11363,ITÁLIA,PRESIDENTE,PSL,17,PARTIDO SOCIAL LIBERAL,7
2006,2,ZZ,11380,JAPÃO,PRESIDENTE,PT,13,PARTIDO DOS TRABALHADORES,204
2006,1,ZZ,11380,JAPÃO,PRESIDENTE,PT,13,PARTIDO DOS TRABALHADORES,192
2006,1,ZZ,11380,JAPÃO,PRESIDENTE,PSDB,45,PARTIDO DA SOCIAL DEMOCRACIA BRASILEIRA,520
2006,2,ZZ,11380,JAPÃO,PRESIDENTE,PSDB,45,PARTIDO DA SOCIAL DEMOCRACIA BRASILEIRA,712
2006,1,ZZ,11380,JAPÃO,PRESIDENTE,PSOL,50,PARTIDO SOCIALISMO E LIBERDADE,16
2006,1,ZZ,11380,JAPÃO,PRESIDENTE,PDT,12,PARTIDO DEMOCRÁTICO TRABALHISTA,17
2006,1,ZZ,11380,JAPÃO,PRESIDENTE,PRP,44,PARTIDO REPUBLICANO PROGRESSISTA,4
2006,1,ZZ,11380,JAPÃO,PRESIDENTE,PSDC,27,PARTIDO SOCIAL DEMOCRATA CRISTÃO,1
2006,1,ZZ,29181,JORDÂNIA,PRESIDENTE,PT,13,PARTIDO DOS TRABALHADORES,256
2006,2,ZZ,29181,JORDÂNIA,PRESIDENTE,PT,13,PARTIDO DOS TRABALHADORES,272
2006,1,ZZ,29181,JORDÂNIA,PRESIDENTE,PSDB,45,PARTIDO DA SOCIAL DEMOCRACIA BRASILEIRA,104
2006,2,ZZ,29181,JORDÂNIA,PRESIDENTE,PSDB,45,PARTIDO DA SOCIAL DEMOCRACIA BRASILEIRA,88
2006,1,ZZ,29181,JORDÂNIA,PRESIDENTE,PSOL,50,PARTIDO SOCIALISMO E LIBERDADE,3
2006,1,ZZ,29181,JORDÂNIA,PRESIDENTE,PDT,12,PARTIDO DEMOCRÁTICO TRABALHISTA,1
2006,1,ZZ,29181,JORDÂNIA,PRESIDENTE,PRP,44,PARTIDO REPUBLICANO PROGRESSISTA,5
2006,1,ZZ,29181,JORDÂNIA,PRESIDENTE,PSL,17,PARTIDO SOCIAL LIBERAL,3
2006,1,ZZ,29165,KÊNIA,PRESIDENTE,PT,13,PARTIDO DOS TRABALHADORES,96
2006,2,ZZ,29165,KÊNIA,PRESIDENTE,PT,13,PARTIDO DOS TRABALHADORES,96
2006,1,ZZ,29165,KÊNIA,PRESIDENTE,PSDB,45,PARTIDO DA SOCIAL DEMOCRACIA BRASILEIRA,20
2006,2,ZZ,29165,KÊNIA,PRESIDENTE,PSDB,45,PARTIDO DA SOCIAL DEMOCRACIA BRASILEIRA,16
2006,1,ZZ,29165,KÊNIA,PRESIDENTE,PDT,12,PARTIDO DEMOCRÁTICO TRABALHISTA,2
2006,1,ZZ,11401,LÍBANO,PRESIDENTE,PT,13,PARTIDO DOS TRABALHADORES,1484
2006,2,ZZ,11401,LÍBANO,PRESIDENTE,PT,13,PARTIDO DOS TRABALHADORES,1540
2006,1,ZZ,11401,LÍBANO,PRESIDENTE,PSDB,45,PARTIDO DA SOCIAL DEMOCRACIA BRASILEIRA,348
2006,2,ZZ,11401,LÍBANO,PRESIDENTE,PSDB,45,PARTIDO DA SOCIAL DEMOCRACIA BRASILEIRA,624
2006,1,ZZ,11401,LÍBANO,PRESIDENTE,PSOL,50,PARTIDO SOCIALISMO E LIBERDADE,9
2006,1,ZZ,11401,LÍBANO,PRESIDENTE,PDT,12,PARTIDO DEMOCRÁTICO TRABALHISTA,9
2006,1,ZZ,11401,LÍBANO,PRESIDENTE,PRP,44,PARTIDO REPUBLICANO PROGRESSISTA,27
2006,1,ZZ,11401,LÍBANO,PRESIDENTE,PSDC,27,PARTIDO SOCIAL DEMOCRATA CRISTÃO,5
2006,1,ZZ,11401,LÍBANO,PRESIDENTE,PSL,17,PARTIDO SOCIAL LIBERAL,10
2006,2,ZZ,29130,MALÁSIA,PRESIDENTE,PT,13,PARTIDO DOS TRABALHADORES,24
2006,1,ZZ,29130,MALÁSIA,PRESIDENTE,PT,13,PARTIDO DOS TRABALHADORES,28
2006,2,ZZ,29130,MALÁSIA,PRESIDENTE,PSDB,45,PARTIDO DA SOCIAL DEMOCRACIA BRASILEIRA,72
2006,1,ZZ,29130,MALÁSIA,PRESIDENTE,PSDB,45,PARTIDO DA SOCIAL DEMOCRACIA BRASILEIRA,64
2006,1,ZZ,29130,MALÁSIA,PRESIDENTE,PSOL,50,PARTIDO SOCIALISMO E LIBERDADE,1
2006,1,ZZ,29130,MALÁSIA,PRESIDENTE,PDT,12,PARTIDO DEMOCRÁTICO TRABALHISTA,1
2006,2,ZZ,29122,MARROCOS,PRESIDENTE,PT,13,PARTIDO DOS TRABALHADORES,44
2006,1,ZZ,29122,MARROCOS,PRESIDENTE,PT,13,PARTIDO DOS TRABALHADORES,44
2006,2,ZZ,29122,MARROCOS,PRESIDENTE,PSDB,45,PARTIDO DA SOCIAL DEMOCRACIA BRASILEIRA,8
2006,1,ZZ,29122,MARROCOS,PRESIDENTE,PSDB,45,PARTIDO DA SOCIAL DEMOCRACIA BRASILEIRA,12
2006,1,ZZ,29122,MARROCOS,PRESIDENTE,PSOL,50,PARTIDO SOCIALISMO E LIBERDADE,1
2006,1,ZZ,29122,MARROCOS,PRESIDENTE,PDT,12,PARTIDO DEMOCRÁTICO TRABALHISTA,2
2006,1,ZZ,11428,MÉXICO,PRESIDENTE,PT,13,PARTIDO DOS TRABALHADORES,232
2006,2,ZZ,11428,MÉXICO,PRESIDENTE,PT,13,PARTIDO DOS TRABALHADORES,260
2006,1,ZZ,11428,MÉXICO,PRESIDENTE,PSDB,45,PARTIDO DA SOCIAL DEMOCRACIA BRASILEIRA,464
2006,2,ZZ,11428,MÉXICO,PRESIDENTE,PSDB,45,PARTIDO DA SOCIAL DEMOCRACIA BRASILEIRA,488
2006,1,ZZ,11428,MÉXICO,PRESIDENTE,PSOL,50,PARTIDO SOCIALISMO E LIBERDADE,6
2006,1,ZZ,11428,MÉXICO,PRESIDENTE,PDT,12,PARTIDO DEMOCRÁTICO TRABALHISTA,3
2006,1,ZZ,11428,MÉXICO,PRESIDENTE,PRP,44,PARTIDO REPUBLICANO PROGRESSISTA,2
2006,2,ZZ,29114,MOÇAMBIQUE,PRESIDENTE,PT,13,PARTIDO DOS TRABALHADORES,496
2006,1,ZZ,29114,MOÇAMBIQUE,PRESIDENTE,PT,13,PARTIDO DOS TRABALHADORES,504
2006,1,ZZ,29114,MOÇAMBIQUE,PRESIDENTE,PSDB,45,PARTIDO DA SOCIAL DEMOCRACIA BRASILEIRA,288
2006,2,ZZ,29114,MOÇAMBIQUE,PRESIDENTE,PSDB,45,PARTIDO DA SOCIAL DEMOCRACIA BRASILEIRA,348
2006,1,ZZ,29114,MOÇAMBIQUE,PRESIDENTE,PSOL,50,PARTIDO SOCIALISMO E LIBERDADE,10
2006,1,ZZ,29114,MOÇAMBIQUE,PRESIDENTE,PDT,12,PARTIDO DEMOCRÁTICO TRABALHISTA,11
2006,1,ZZ,29114,MOÇAMBIQUE,PRESIDENTE,PRP,44,PARTIDO REPUBLICANO PROGRESSISTA,4
2006,1,ZZ,29114,MOÇAMBIQUE,PRESIDENTE,PSL,17,PARTIDO SOCIAL LIBERAL,1
2006,2,ZZ,98388,NICARÁGUA,PRESIDENTE,PT,13,PARTIDO DOS TRABALHADORES,232
2006,1,ZZ,98388,NICARÁGUA,PRESIDENTE,PT,13,PARTIDO DOS TRABALHADORES,228
2006,1,ZZ,98388,NICARÁGUA,PRESIDENTE,PSDB,45,PARTIDO DA SOCIAL DEMOCRACIA BRASILEIRA,124
2006,2,ZZ,98388,NICARÁGUA,PRESIDENTE,PSDB,45,PARTIDO DA SOCIAL DEMOCRACIA BRASILEIRA,136
2006,1,ZZ,98388,NICARÁGUA,PRESIDENTE,PSOL,50,PARTIDO SOCIALISMO E LIBERDADE,5
2006,1,ZZ,98388,NICARÁGUA,PRESIDENTE,PRP,44,PARTIDO REPUBLICANO PROGRESSISTA,1
2006,1,ZZ,98361,NIGÉRIA,PRESIDENTE,PT,13,PARTIDO DOS TRABALHADORES,76
2006,2,ZZ,98361,NIGÉRIA,PRESIDENTE,PT,13,PARTIDO DOS TRABALHADORES,72
2006,1,ZZ,98361,NIGÉRIA,PRESIDENTE,PSDB,45,PARTIDO DA SOCIAL DEMOCRACIA BRASILEIRA,76
2006,2,ZZ,98361,NIGÉRIA,PRESIDENTE,PSDB,45,PARTIDO DA SOCIAL DEMOCRACIA BRASILEIRA,64
2006,1,ZZ,98361,NIGÉRIA,PRESIDENTE,PSOL,50,PARTIDO SOCIALISMO E LIBERDADE,1
2006,1,ZZ,98361,NIGÉRIA,PRESIDENTE,PDT,12,PARTIDO DEMOCRÁTICO TRABALHISTA,1
2006,1,ZZ,98361,NIGÉRIA,PRESIDENTE,PRP,44,PARTIDO REPUBLICANO PROGRESSISTA,1
2006,1,ZZ,98345,NORUEGA,PRESIDENTE,PT,13,PARTIDO DOS TRABALHADORES,132
2006,2,ZZ,98345,NORUEGA,PRESIDENTE,PT,13,PARTIDO DOS TRABALHADORES,204
2006,1,ZZ,98345,NORUEGA,PRESIDENTE,PSDB,45,PARTIDO DA SOCIAL DEMOCRACIA BRASILEIRA,148
2006,2,ZZ,98345,NORUEGA,PRESIDENTE,PSDB,45,PARTIDO DA SOCIAL DEMOCRACIA BRASILEIRA,192
2006,1,ZZ,98345,NORUEGA,PRESIDENTE,PSOL,50,PARTIDO SOCIALISMO E LIBERDADE,14
2006,1,ZZ,98345,NORUEGA,PRESIDENTE,PDT,12,PARTIDO DEMOCRÁTICO TRABALHISTA,4
2006,1,ZZ,98345,NORUEGA,PRESIDENTE,PRP,44,PARTIDO REPUBLICANO PROGRESSISTA,2
2006,2,ZZ,29050,NOVA ZELÂNDIA,PRESIDENTE,PT,13,PARTIDO DOS TRABALHADORES,20
2006,1,ZZ,29050,NOVA ZELÂNDIA,PRESIDENTE,PT,13,PARTIDO DOS TRABALHADORES,24
2006,1,ZZ,29050,NOVA ZELÂNDIA,PRESIDENTE,PSDB,45,PARTIDO DA SOCIAL DEMOCRACIA BRASILEIRA,40
2006,2,ZZ,29050,NOVA ZELÂNDIA,PRESIDENTE,PSDB,45,PARTIDO DA SOCIAL DEMOCRACIA BRASILEIRA,48
2006,1,ZZ,29050,NOVA ZELÂNDIA,PRESIDENTE,PSOL,50,PARTIDO SOCIALISMO E LIBERDADE,1
2006,1,ZZ,29050,NOVA ZELÂNDIA,PRESIDENTE,PDT,12,PARTIDO DEMOCRÁTICO TRABALHISTA,1
2006,2,ZZ,29009,PAÍSES BAIXOS,PRESIDENTE,PT,13,PARTIDO DOS TRABALHADORES,836
2006,1,ZZ,29009,PAÍSES BAIXOS,PRESIDENTE,PT,13,PARTIDO DOS TRABALHADORES,692
2006,2,ZZ,29009,PAÍSES BAIXOS,PRESIDENTE,PSDB,45,PARTIDO DA SOCIAL DEMOCRACIA BRASILEIRA,908
2006,1,ZZ,29009,PAÍSES BAIXOS,PRESIDENTE,PSDB,45,PARTIDO DA SOCIAL DEMOCRACIA BRASILEIRA,688
2006,1,ZZ,29009,PAÍSES BAIXOS,PRESIDENTE,PSOL,50,PARTIDO SOCIALISMO E LIBERDADE,52
2006,1,ZZ,29009,PAÍSES BAIXOS,PRESIDENTE,PDT,12,PARTIDO DEMOCRÁTICO TRABALHISTA,29
2006,1,ZZ,29009,PAÍSES BAIXOS,PRESIDENTE,PRP,44,PARTIDO REPUBLICANO PROGRESSISTA,6
2006,1,ZZ,29009,PAÍSES BAIXOS,PRESIDENTE,PSDC,27,PARTIDO SOCIAL DEMOCRATA CRISTÃO,1
2006,1,ZZ,29009,PAÍSES BAIXOS,PRESIDENTE,PSL,17,PARTIDO SOCIAL LIBERAL,2
2006,2,ZZ,98329,PANAMÁ,PRESIDENTE,PT,13,PARTIDO DOS TRABALHADORES,240
2006,1,ZZ,98329,PANAMÁ,PRESIDENTE,PT,13,PARTIDO DOS TRABALHADORES,216
2006,1,ZZ,98329,PANAMÁ,PRESIDENTE,PSDB,45,PARTIDO DA SOCIAL DEMOCRACIA BRASILEIRA,304
2006,2,ZZ,98329,PANAMÁ,PRESIDENTE,PSDB,45,PARTIDO DA SOCIAL DEMOCRACIA BRASILEIRA,336
2006,1,ZZ,98329,PANAMÁ,PRESIDENTE,PSOL,50,PARTIDO SOCIALISMO E LIBERDADE,6
2006,1,ZZ,98329,PANAMÁ,PRESIDENTE,PDT,12,PARTIDO DEMOCRÁTICO TRABALHISTA,9
2006,1,ZZ,98329,PANAMÁ,PRESIDENTE,PRP,44,PARTIDO REPUBLICANO PROGRESSISTA,3
2006,1,ZZ,11444,PARAGUAI,PRESIDENTE,PT,13,PARTIDO DOS TRABALHADORES,1984
2006,2,ZZ,11444,PARAGUAI,PRESIDENTE,PT,13,PARTIDO DOS TRABALHADORES,2292
2006,1,ZZ,11444,PARAGUAI,PRESIDENTE,PSDB,45,PARTIDO DA SOCIAL DEMOCRACIA BRASILEIRA,2736
2006,2,ZZ,11444,PARAGUAI,PRESIDENTE,PSDB,45,PARTIDO DA SOCIAL DEMOCRACIA BRASILEIRA,2936
2006,1,ZZ,11444,PARAGUAI,PRESIDENTE,PSOL,50,PARTIDO SOCIALISMO E LIBERDADE,59
2006,1,ZZ,11444,PARAGUAI,PRESIDENTE,PDT,12,PARTIDO DEMOCRÁTICO TRABALHISTA,29
2006,1,ZZ,11444,PARAGUAI,PRESIDENTE,PRP,44,PARTIDO REPUBLICANO PROGRESSISTA,9
2006,1,ZZ,11444,PARAGUAI,PRESIDENTE,PSDC,27,PARTIDO SOCIAL DEMOCRATA CRISTÃO,2
2006,2,ZZ,11460,PERU,PRESIDENTE,PT,13,PARTIDO DOS TRABALHADORES,528
2006,1,ZZ,11460,PERU,PRESIDENTE,PT,13,PARTIDO DOS TRABALHADORES,516
2006,2,ZZ,11460,PERU,PRESIDENTE,PSDB,45,PARTIDO DA SOCIAL DEMOCRACIA BRASILEIRA,656
2006,1,ZZ,11460,PERU,PRESIDENTE,PSDB,45,PARTIDO DA SOCIAL DEMOCRACIA BRASILEIRA,576
2006,1,ZZ,11460,PERU,PRESIDENTE,PSOL,50,PARTIDO SOCIALISMO E LIBERDADE,21
2006,1,ZZ,11460,PERU,PRESIDENTE,PDT,12,PARTIDO DEMOCRÁTICO TRABALHISTA,10
2006,1,ZZ,11460,PERU,PRESIDENTE,PRP,44,PARTIDO REPUBLICANO PROGRESSISTA,5
2006,1,ZZ,11460,PERU,PRESIDENTE,PSL,17,PARTIDO SOCIAL LIBERAL,1
2006,2,ZZ,11487,POLÔNIA,PRESIDENTE,PT,13,PARTIDO DOS TRABALHADORES,48
2006,1,ZZ,11487,POLÔNIA,PRESIDENTE,PT,13,PARTIDO DOS TRABALHADORES,52
2006,2,ZZ,11487,POLÔNIA,PRESIDENTE,PSDB,45,PARTIDO DA SOCIAL DEMOCRACIA BRASILEIRA,92
2006,1,ZZ,11487,POLÔNIA,PRESIDENTE,PSDB,45,PARTIDO DA SOCIAL DEMOCRACIA BRASILEIRA,112
2006,1,ZZ,11487,POLÔNIA,PRESIDENTE,PDT,12,PARTIDO DEMOCRÁTICO TRABALHISTA,3
2006,1,ZZ,11509,PORTUGAL,PRESIDENTE,PT,13,PARTIDO DOS TRABALHADORES,7148
2006,2,ZZ,11509,PORTUGAL,PRESIDENTE,PT,13,PARTIDO DOS TRABALHADORES,8028
2006,2,ZZ,11509,PORTUGAL,PRESIDENTE,PSDB,45,PARTIDO DA SOCIAL DEMOCRACIA BRASILEIRA,6892
2006,1,ZZ,11509,PORTUGAL,PRESIDENTE,PSDB,45,PARTIDO DA SOCIAL DEMOCRACIA BRASILEIRA,5244
2006,1,ZZ,11509,PORTUGAL,PRESIDENTE,PSOL,50,PARTIDO SOCIALISMO E LIBERDADE,304
2006,1,ZZ,11509,PORTUGAL,PRESIDENTE,PDT,12,PARTIDO DEMOCRÁTICO TRABALHISTA,96
2006,1,ZZ,11509,PORTUGAL,PRESIDENTE,PRP,44,PARTIDO REPUBLICANO PROGRESSISTA,75
2006,1,ZZ,11509,PORTUGAL,PRESIDENTE,PSDC,27,PARTIDO SOCIAL DEMOCRATA CRISTÃO,22
2006,1,ZZ,11509,PORTUGAL,PRESIDENTE,PSL,17,PARTIDO SOCIAL LIBERAL,13
2006,1,ZZ,98280,REPÚBLICA DOMINICANA,PRESIDENTE,PT,13,PARTIDO DOS TRABALHADORES,196
2006,2,ZZ,98280,REPÚBLICA DOMINICANA,PRESIDENTE,PT,13,PARTIDO DOS TRABALHADORES,192
2006,1,ZZ,98280,REPÚBLICA DOMINICANA,PRESIDENTE,PSDB,45,PARTIDO DA SOCIAL DEMOCRACIA BRASILEIRA,52
2006,2,ZZ,98280,REPÚBLICA DOMINICANA,PRESIDENTE,PSDB,45,PARTIDO DA SOCIAL DEMOCRACIA BRASILEIRA,96
2006,1,ZZ,98280,REPÚBLICA DOMINICANA,PRESIDENTE,PSOL,50,PARTIDO SOCIALISMO E LIBERDADE,2
2006,1,ZZ,98280,REPÚBLICA DOMINICANA,PRESIDENTE,PDT,12,PARTIDO DEMOCRÁTICO TRABALHISTA,1
2006,1,ZZ,98280,REPÚBLICA DOMINICANA,PRESIDENTE,PSL,17,PARTIDO SOCIAL LIBERAL,1
2006,2,ZZ,98647,ROMÊNIA,PRESIDENTE,PT,13,PARTIDO DOS TRABALHADORES,40
2006,1,ZZ,98647,ROMÊNIA,PRESIDENTE,PT,13,PARTIDO DOS TRABALHADORES,32
2006,2,ZZ,98647,ROMÊNIA,PRESIDENTE,PSDB,45,PARTIDO DA SOCIAL DEMOCRACIA BRASILEIRA,56
2006,1,ZZ,98647,ROMÊNIA,PRESIDENTE,PSDB,45,PARTIDO DA SOCIAL DEMOCRACIA BRASILEIRA,52
2006,1,ZZ,98647,ROMÊNIA,PRESIDENTE,PSOL,50,PARTIDO SOCIALISMO E LIBERDADE,1
2006,1,ZZ,98647,ROMÊNIA,PRESIDENTE,PDT,12,PARTIDO DEMOCRÁTICO TRABALHISTA,5
2006,1,ZZ,98760,RÚSSIA,PRESIDENTE,PT,13,PARTIDO DOS TRABALHADORES,40
2006,2,ZZ,98760,RÚSSIA,PRESIDENTE,PT,13,PARTIDO DOS TRABALHADORES,52
2006,1,ZZ,98760,RÚSSIA,PRESIDENTE,PSDB,45,PARTIDO DA SOCIAL DEMOCRACIA BRASILEIRA,104
2006,2,ZZ,98760,RÚSSIA,PRESIDENTE,PSDB,45,PARTIDO DA SOCIAL DEMOCRACIA BRASILEIRA,100
2006,1,ZZ,98760,RÚSSIA,PRESIDENTE,PSOL,50,PARTIDO SOCIALISMO E LIBERDADE,6
2006,1,ZZ,98760,RÚSSIA,PRESIDENTE,PDT,12,PARTIDO DEMOCRÁTICO TRABALHISTA,4
2006,1,ZZ,98248,SENEGAL,PRESIDENTE,PT,13,PARTIDO DOS TRABALHADORES,60
2006,2,ZZ,98248,SENEGAL,PRESIDENTE,PT,13,PARTIDO DOS TRABALHADORES,64
2006,2,ZZ,98248,SENEGAL,PRESIDENTE,PSDB,45,PARTIDO DA SOCIAL DEMOCRACIA BRASILEIRA,36
2006,1,ZZ,98248,SENEGAL,PRESIDENTE,PSDB,45,PARTIDO DA SOCIAL DEMOCRACIA BRASILEIRA,12
2006,1,ZZ,98248,SENEGAL,PRESIDENTE,PDT,12,PARTIDO DEMOCRÁTICO TRABALHISTA,1
2006,2,ZZ,98221,SÍRIA,PRESIDENTE,PT,13,PARTIDO DOS TRABALHADORES,116
2006,1,ZZ,98221,SÍRIA,PRESIDENTE,PT,13,PARTIDO DOS TRABALHADORES,100
2006,2,ZZ,98221,SÍRIA,PRESIDENTE,PSDB,45,PARTIDO DA SOCIAL DEMOCRACIA BRASILEIRA,40
2006,1,ZZ,98221,SÍRIA,PRESIDENTE,PSDB,45,PARTIDO DA SOCIAL DEMOCRACIA BRASILEIRA,28
2006,1,ZZ,98221,SÍRIA,PRESIDENTE,PSOL,50,PARTIDO SOCIALISMO E LIBERDADE,1
2006,1,ZZ,98221,SÍRIA,PRESIDENTE,PDT,12,PARTIDO DEMOCRÁTICO TRABALHISTA,2
2006,1,ZZ,98221,SÍRIA,PRESIDENTE,PRP,44,PARTIDO REPUBLICANO PROGRESSISTA,7
2006,1,ZZ,98221,SÍRIA,PRESIDENTE,PSDC,27,PARTIDO SOCIAL DEMOCRATA CRISTÃO,3
2006,2,ZZ,98744,SUÉCIA,PRESIDENTE,PT,13,PARTIDO DOS TRABALHADORES,696
2006,1,ZZ,98744,SUÉCIA,PRESIDENTE,PT,13,PARTIDO DOS TRABALHADORES,688
2006,2,ZZ,98744,SUÉCIA,PRESIDENTE,PSDB,45,PARTIDO DA SOCIAL DEMOCRACIA BRASILEIRA,644
2006,1,ZZ,98744,SUÉCIA,PRESIDENTE,PSDB,45,PARTIDO DA SOCIAL DEMOCRACIA BRASILEIRA,592
2006,1,ZZ,98744,SUÉCIA,PRESIDENTE,PSOL,50,PARTIDO SOCIALISMO E LIBERDADE,30
2006,1,ZZ,98744,SUÉCIA,PRESIDENTE,PDT,12,PARTIDO DEMOCRÁTICO TRABALHISTA,18
2006,1,ZZ,98744,SUÉCIA,PRESIDENTE,PRP,44,PARTIDO REPUBLICANO PROGRESSISTA,9
2006,1,ZZ,98744,SUÉCIA,PRESIDENTE,PSDC,27,PARTIDO SOCIAL DEMOCRATA CRISTÃO,1
2006,1,ZZ,98744,SUÉCIA,PRESIDENTE,PSL,17,PARTIDO SOCIAL LIBERAL,3
2006,1,ZZ,11525,SUÍÇA,PRESIDENTE,PT,13,PARTIDO DOS TRABALHADORES,1576
2006,2,ZZ,11525,SUÍÇA,PRESIDENTE,PT,13,PARTIDO DOS TRABALHADORES,1832
2006,1,ZZ,11525,SUÍÇA,PRESIDENTE,PSDB,45,PARTIDO DA SOCIAL DEMOCRACIA BRASILEIRA,1664
2006,2,ZZ,11525,SUÍÇA,PRESIDENTE,PSDB,45,PARTIDO DA SOCIAL DEMOCRACIA BRASILEIRA,2088
2006,1,ZZ,11525,SUÍÇA,PRESIDENTE,PSOL,50,PARTIDO SOCIALISMO E LIBERDADE,99
2006,1,ZZ,11525,SUÍÇA,PRESIDENTE,PDT,12,PARTIDO DEMOCRÁTICO TRABALHISTA,31
2006,1,ZZ,11525,SUÍÇA,PRESIDENTE,PRP,44,PARTIDO REPUBLICANO PROGRESSISTA,14
2006,1,ZZ,11525,SUÍÇA,PRESIDENTE,PSDC,27,PARTIDO SOCIAL DEMOCRATA CRISTÃO,4
2006,1,ZZ,11525,SUÍÇA,PRESIDENTE,PSL,17,PARTIDO SOCIAL LIBERAL,2
2006,2,ZZ,11541,SURINAME,PRESIDENTE,PT,13,PARTIDO DOS TRABALHADORES,172
2006,1,ZZ,11541,SURINAME,PRESIDENTE,PT,13,PARTIDO DOS TRABALHADORES,156
2006,1,ZZ,11541,SURINAME,PRESIDENTE,PSDB,45,PARTIDO DA SOCIAL DEMOCRACIA BRASILEIRA,120
2006,2,ZZ,11541,SURINAME,PRESIDENTE,PSDB,45,PARTIDO DA SOCIAL DEMOCRACIA BRASILEIRA,132
2006,1,ZZ,11541,SURINAME,PRESIDENTE,PSOL,50,PARTIDO SOCIALISMO E LIBERDADE,10
2006,1,ZZ,11541,SURINAME,PRESIDENTE,PRP,44,PARTIDO REPUBLICANO PROGRESSISTA,3
2006,2,ZZ,98205,TAILÂNDIA,PRESIDENTE,PT,13,PARTIDO DOS TRABALHADORES,20
2006,1,ZZ,98205,TAILÂNDIA,PRESIDENTE,PT,13,PARTIDO DOS TRABALHADORES,24
2006,2,ZZ,98205,TAILÂNDIA,PRESIDENTE,PSDB,45,PARTIDO DA SOCIAL DEMOCRACIA BRASILEIRA,36
2006,1,ZZ,98205,TAILÂNDIA,PRESIDENTE,PSDB,45,PARTIDO DA SOCIAL DEMOCRACIA BRASILEIRA,24
2006,1,ZZ,98205,TAILÂNDIA,PRESIDENTE,PSOL,50,PARTIDO SOCIALISMO E LIBERDADE,3
2006,1,ZZ,2828,TAIWAN,PRESIDENTE,PT,13,PARTIDO DOS TRABALHADORES,36
2006,2,ZZ,2828,TAIWAN,PRESIDENTE,PT,13,PARTIDO DOS TRABALHADORES,28
2006,1,ZZ,2828,TAIWAN,PRESIDENTE,PSDB,45,PARTIDO DA SOCIAL DEMOCRACIA BRASILEIRA,92
2006,2,ZZ,2828,TAIWAN,PRESIDENTE,PSDB,45,PARTIDO DA SOCIAL DEMOCRACIA BRASILEIRA,124
2006,1,ZZ,2828,TAIWAN,PRESIDENTE,PSOL,50,PARTIDO SOCIALISMO E LIBERDADE,1
2006,1,ZZ,2828,TAIWAN,PRESIDENTE,PDT,12,PARTIDO DEMOCRÁTICO TRABALHISTA,3
2006,1,ZZ,2828,TAIWAN,PRESIDENTE,PRP,44,PARTIDO REPUBLICANO PROGRESSISTA,1
2006,1,ZZ,2828,TAIWAN,PRESIDENTE,PSDC,27,PARTIDO SOCIAL DEMOCRATA CRISTÃO,2
2006,2,ZZ,98124,TUNÍSIA,PRESIDENTE,PT,13,PARTIDO DOS TRABALHADORES,24
2006,1,ZZ,98124,TUNÍSIA,PRESIDENTE,PT,13,PARTIDO DOS TRABALHADORES,20
2006,1,ZZ,98124,TUNÍSIA,PRESIDENTE,PSDB,45,PARTIDO DA SOCIAL DEMOCRACIA BRASILEIRA,24
2006,2,ZZ,98124,TUNÍSIA,PRESIDENTE,PSDB,45,PARTIDO DA SOCIAL DEMOCRACIA BRASILEIRA,32
2006,1,ZZ,98124,TUNÍSIA,PRESIDENTE,PSOL,50,PARTIDO SOCIALISMO E LIBERDADE,1
2006,1,ZZ,98124,TUNÍSIA,PRESIDENTE,PDT,12,PARTIDO DEMOCRÁTICO TRABALHISTA,1
2006,1,ZZ,11568,URUGUAI,PRESIDENTE,PT,13,PARTIDO DOS TRABALHADORES,1300
2006,2,ZZ,11568,URUGUAI,PRESIDENTE,PT,13,PARTIDO DOS TRABALHADORES,1516
2006,1,ZZ,11568,URUGUAI,PRESIDENTE,PSDB,45,PARTIDO DA SOCIAL DEMOCRACIA BRASILEIRA,1060
2006,2,ZZ,11568,URUGUAI,PRESIDENTE,PSDB,45,PARTIDO DA SOCIAL DEMOCRACIA BRASILEIRA,1288
2006,1,ZZ,11568,URUGUAI,PRESIDENTE,PSOL,50,PARTIDO SOCIALISMO E LIBERDADE,48
2006,1,ZZ,11568,URUGUAI,PRESIDENTE,PDT,12,PARTIDO DEMOCRÁTICO TRABALHISTA,29
2006,1,ZZ,11568,URUGUAI,PRESIDENTE,PRP,44,PARTIDO REPUBLICANO PROGRESSISTA,14
2006,1,ZZ,11568,URUGUAI,PRESIDENTE,PSDC,27,PARTIDO SOCIAL DEMOCRATA CRISTÃO,14
2006,1,ZZ,11568,URUGUAI,PRESIDENTE,PSL,17,PARTIDO SOCIAL LIBERAL,7
2006,1,ZZ,11584,VENEZUELA,PRESIDENTE,PT,13,PARTIDO DOS TRABALHADORES,356
2006,2,ZZ,11584,VENEZUELA,PRESIDENTE,PT,13,PARTIDO DOS TRABALHADORES,328
2006,1,ZZ,11584,VENEZUELA,PRESIDENTE,PSDB,45,PARTIDO DA SOCIAL DEMOCRACIA BRASILEIRA,496
2006,2,ZZ,11584,VENEZUELA,PRESIDENTE,PSDB,45,PARTIDO DA SOCIAL DEMOCRACIA BRASILEIRA,488
2006,1,ZZ,11584,VENEZUELA,PRESIDENTE,PSOL,50,PARTIDO SOCIALISMO E LIBERDADE,16
2006,1,ZZ,11584,VENEZUELA,PRESIDENTE,PDT,12,PARTIDO DEMOCRÁTICO TRABALHISTA,4
2006,1,ZZ,11584,VENEZUELA,PRESIDENTE,PRP,44,PARTIDO REPUBLICANO PROGRESSISTA,1