Election Year,Election Round,Place (ZZ = Exterior),Municipality Code,,Municipality Name,Office,Party Number,Party Initials,Party Name,Number of Votes
ANO_ELEICAO,NR_TURNO,SG_UF,SG_UE,CD_MUNICIPIO,NM_MUNICIPIO,DS_CARGO,NR_PARTIDO,SG_PARTIDO,NM_PARTIDO,QT_VOTOS_NOMINAIS
2010,1,ZZ,29254,29254,ABIDJAN-COTE,Presidente,45,PSDB,PARTIDO DA SOCIAL DEMOCRACIA BRASILEIRA,4
2010,1,ZZ,29254,29254,ABIDJAN-COTE,Presidente,13,PT,PARTIDO DOS TRABALHADORES,29
2010,1,ZZ,29254,29254,ABIDJAN-COTE,Presidente,50,PSOL,PARTIDO SOCIALISMO E LIBERDADE,1
2010,1,ZZ,29254,29254,ABIDJAN-COTE,Presidente,43,PV,PARTIDO VERDE,3
2010,1,ZZ,29262,29262,ABU DHABI-EAU,Presidente,45,PSDB,PARTIDO DA SOCIAL DEMOCRACIA BRASILEIRA,19
2010,1,ZZ,29262,29262,ABU DHABI-EAU,Presidente,13,PT,PARTIDO DOS TRABALHADORES,13
2010,1,ZZ,29262,29262,ABU DHABI-EAU,Presidente,43,PV,PARTIDO VERDE,4
2010,1,ZZ,29289,29289,AMÃ-JORD,Presidente,45,PSDB,PARTIDO DA SOCIAL DEMOCRACIA BRASILEIRA,31
2010,1,ZZ,29289,29289,AMÃ-JORD,Presidente,13,PT,PARTIDO DOS TRABALHADORES,92
2010,1,ZZ,29289,29289,AMÃ-JORD,Presidente,21,PCB,PARTIDO COMUNISTA BRASILEIRO,3
2010,1,ZZ,29289,29289,AMÃ-JORD,Presidente,29,PCO,PARTIDO DA CAUSA OPERÁRIA,2
2010,1,ZZ,29289,29289,AMÃ-JORD,Presidente,28,PRTB,PARTIDO RENOVADOR TRABALHISTA BRASILEIRO,1
2010,1,ZZ,29289,29289,AMÃ-JORD,Presidente,27,PSDC,PARTIDO SOCIAL DEMOCRATA CRISTÃO,1
2010,1,ZZ,29289,29289,AMÃ-JORD,Presidente,16,PSTU,PARTIDO SOCIALISTA DOS TRABALHADORES UNIFICADO,13
2010,1,ZZ,29289,29289,AMÃ-JORD,Presidente,43,PV,PARTIDO VERDE,10
2010,1,ZZ,29297,29297,ANCARA-TURQ,Presidente,45,PSDB,PARTIDO DA SOCIAL DEMOCRACIA BRASILEIRA,10
2010,1,ZZ,29297,29297,ANCARA-TURQ,Presidente,13,PT,PARTIDO DOS TRABALHADORES,3
2010,1,ZZ,29300,29300,ARGEL-ARGL,Presidente,45,PSDB,PARTIDO DA SOCIAL DEMOCRACIA BRASILEIRA,6
2010,1,ZZ,29300,29300,ARGEL-ARGL,Presidente,13,PT,PARTIDO DOS TRABALHADORES,10
2010,1,ZZ,29300,29300,ARGEL-ARGL,Presidente,43,PV,PARTIDO VERDE,3
2010,1,ZZ,29327,29327,ASSUNÇÃO-PARG,Presidente,45,PSDB,PARTIDO DA SOCIAL DEMOCRACIA BRASILEIRA,322
2010,1,ZZ,29327,29327,ASSUNÇÃO-PARG,Presidente,13,PT,PARTIDO DOS TRABALHADORES,262
2010,1,ZZ,29327,29327,ASSUNÇÃO-PARG,Presidente,21,PCB,PARTIDO COMUNISTA BRASILEIRO,2
2010,1,ZZ,29327,29327,ASSUNÇÃO-PARG,Presidente,27,PSDC,PARTIDO SOCIAL DEMOCRATA CRISTÃO,6
2010,1,ZZ,29327,29327,ASSUNÇÃO-PARG,Presidente,50,PSOL,PARTIDO SOCIALISMO E LIBERDADE,8
2010,1,ZZ,29327,29327,ASSUNÇÃO-PARG,Presidente,43,PV,PARTIDO VERDE,82
2010,1,ZZ,29335,29335,ATENAS-GREC,Presidente,45,PSDB,PARTIDO DA SOCIAL DEMOCRACIA BRASILEIRA,69
2010,1,ZZ,29335,29335,ATENAS-GREC,Presidente,13,PT,PARTIDO DOS TRABALHADORES,112
2010,1,ZZ,29335,29335,ATENAS-GREC,Presidente,21,PCB,PARTIDO COMUNISTA BRASILEIRO,1
2010,1,ZZ,29335,29335,ATENAS-GREC,Presidente,16,PSTU,PARTIDO SOCIALISTA DOS TRABALHADORES UNIFICADO,6
2010,1,ZZ,29335,29335,ATENAS-GREC,Presidente,43,PV,PARTIDO VERDE,20
2010,1,ZZ,39080,39080,ATLANTA-EUA,Presidente,45,PSDB,PARTIDO DA SOCIAL DEMOCRACIA BRASILEIRA,379
2010,1,ZZ,39080,39080,ATLANTA-EUA,Presidente,13,PT,PARTIDO DOS TRABALHADORES,146
2010,1,ZZ,39080,39080,ATLANTA-EUA,Presidente,28,PRTB,PARTIDO RENOVADOR TRABALHISTA BRASILEIRO,1
2010,1,ZZ,39080,39080,ATLANTA-EUA,Presidente,27,PSDC,PARTIDO SOCIAL DEMOCRATA CRISTÃO,5
2010,1,ZZ,39080,39080,ATLANTA-EUA,Presidente,50,PSOL,PARTIDO SOCIALISMO E LIBERDADE,5
2010,1,ZZ,39080,39080,ATLANTA-EUA,Presidente,16,PSTU,PARTIDO SOCIALISTA DOS TRABALHADORES UNIFICADO,3
2010,1,ZZ,39080,39080,ATLANTA-EUA,Presidente,43,PV,PARTIDO VERDE,161
2010,1,ZZ,29343,29343,BANGKOK-TAIL,Presidente,45,PSDB,PARTIDO DA SOCIAL DEMOCRACIA BRASILEIRA,22
2010,1,ZZ,29343,29343,BANGKOK-TAIL,Presidente,13,PT,PARTIDO DOS TRABALHADORES,8
2010,1,ZZ,29343,29343,BANGKOK-TAIL,Presidente,43,PV,PARTIDO VERDE,9
2010,1,ZZ,29351,29351,BARCELONA-ESPA,Presidente,45,PSDB,PARTIDO DA SOCIAL DEMOCRACIA BRASILEIRA,202
2010,1,ZZ,29351,29351,BARCELONA-ESPA,Presidente,13,PT,PARTIDO DOS TRABALHADORES,283
2010,1,ZZ,29351,29351,BARCELONA-ESPA,Presidente,21,PCB,PARTIDO COMUNISTA BRASILEIRO,7
2010,1,ZZ,29351,29351,BARCELONA-ESPA,Presidente,28,PRTB,PARTIDO RENOVADOR TRABALHISTA BRASILEIRO,1
2010,1,ZZ,29351,29351,BARCELONA-ESPA,Presidente,27,PSDC,PARTIDO SOCIAL DEMOCRATA CRISTÃO,1
2010,1,ZZ,29351,29351,BARCELONA-ESPA,Presidente,50,PSOL,PARTIDO SOCIALISMO E LIBERDADE,7
2010,1,ZZ,29351,29351,BARCELONA-ESPA,Presidente,16,PSTU,PARTIDO SOCIALISTA DOS TRABALHADORES UNIFICADO,4
2010,1,ZZ,29351,29351,BARCELONA-ESPA,Presidente,43,PV,PARTIDO VERDE,157
2010,1,ZZ,29360,29360,BEIRUTE-LBAN,Presidente,45,PSDB,PARTIDO DA SOCIAL DEMOCRACIA BRASILEIRA,171
2010,1,ZZ,29360,29360,BEIRUTE-LBAN,Presidente,13,PT,PARTIDO DOS TRABALHADORES,368
2010,1,ZZ,29360,29360,BEIRUTE-LBAN,Presidente,21,PCB,PARTIDO COMUNISTA BRASILEIRO,10
2010,1,ZZ,29360,29360,BEIRUTE-LBAN,Presidente,29,PCO,PARTIDO DA CAUSA OPERÁRIA,1
2010,1,ZZ,29360,29360,BEIRUTE-LBAN,Presidente,28,PRTB,PARTIDO RENOVADOR TRABALHISTA BRASILEIRO,4
2010,1,ZZ,29360,29360,BEIRUTE-LBAN,Presidente,27,PSDC,PARTIDO SOCIAL DEMOCRATA CRISTÃO,5
2010,1,ZZ,29360,29360,BEIRUTE-LBAN,Presidente,50,PSOL,PARTIDO SOCIALISMO E LIBERDADE,5
2010,1,ZZ,29360,29360,BEIRUTE-LBAN,Presidente,16,PSTU,PARTIDO SOCIALISTA DOS TRABALHADORES UNIFICADO,10
2010,1,ZZ,29360,29360,BEIRUTE-LBAN,Presidente,43,PV,PARTIDO VERDE,47
2010,1,ZZ,29378,29378,BELGRADO-SERV,Presidente,45,PSDB,PARTIDO DA SOCIAL DEMOCRACIA BRASILEIRA,6
2010,1,ZZ,29378,29378,BELGRADO-SERV,Presidente,13,PT,PARTIDO DOS TRABALHADORES,8
2010,1,ZZ,29378,29378,BELGRADO-SERV,Presidente,21,PCB,PARTIDO COMUNISTA BRASILEIRO,1
2010,1,ZZ,29378,29378,BELGRADO-SERV,Presidente,27,PSDC,PARTIDO SOCIAL DEMOCRATA CRISTÃO,1
2010,1,ZZ,29378,29378,BELGRADO-SERV,Presidente,16,PSTU,PARTIDO SOCIALISTA DOS TRABALHADORES UNIFICADO,3
2010,1,ZZ,29378,29378,BELGRADO-SERV,Presidente,43,PV,PARTIDO VERDE,3
2010,1,ZZ,29386,29386,BERLIM-RFA,Presidente,45,PSDB,PARTIDO DA SOCIAL DEMOCRACIA BRASILEIRA,217
2010,1,ZZ,29386,29386,BERLIM-RFA,Presidente,13,PT,PARTIDO DOS TRABALHADORES,306
2010,1,ZZ,29386,29386,BERLIM-RFA,Presidente,21,PCB,PARTIDO COMUNISTA BRASILEIRO,5
2010,1,ZZ,29386,29386,BERLIM-RFA,Presidente,29,PCO,PARTIDO DA CAUSA OPERÁRIA,1
2010,1,ZZ,29386,29386,BERLIM-RFA,Presidente,28,PRTB,PARTIDO RENOVADOR TRABALHISTA BRASILEIRO,2
2010,1,ZZ,29386,29386,BERLIM-RFA,Presidente,27,PSDC,PARTIDO SOCIAL DEMOCRATA CRISTÃO,2
2010,1,ZZ,29386,29386,BERLIM-RFA,Presidente,50,PSOL,PARTIDO SOCIALISMO E LIBERDADE,8
2010,1,ZZ,29386,29386,BERLIM-RFA,Presidente,16,PSTU,PARTIDO SOCIALISTA DOS TRABALHADORES UNIFICADO,8
2010,1,ZZ,29386,29386,BERLIM-RFA,Presidente,43,PV,PARTIDO VERDE,236
2010,1,ZZ,29394,29394,BISSAU-GUIB,Presidente,45,PSDB,PARTIDO DA SOCIAL DEMOCRACIA BRASILEIRA,7
2010,1,ZZ,29394,29394,BISSAU-GUIB,Presidente,13,PT,PARTIDO DOS TRABALHADORES,18
2010,1,ZZ,29394,29394,BISSAU-GUIB,Presidente,50,PSOL,PARTIDO SOCIALISMO E LIBERDADE,1
2010,1,ZZ,29394,29394,BISSAU-GUIB,Presidente,43,PV,PARTIDO VERDE,22
2010,1,ZZ,29408,29408,BOGOTÁ-COLO,Presidente,45,PSDB,PARTIDO DA SOCIAL DEMOCRACIA BRASILEIRA,133
2010,1,ZZ,29408,29408,BOGOTÁ-COLO,Presidente,13,PT,PARTIDO DOS TRABALHADORES,93
2010,1,ZZ,29408,29408,BOGOTÁ-COLO,Presidente,21,PCB,PARTIDO COMUNISTA BRASILEIRO,1
2010,1,ZZ,29408,29408,BOGOTÁ-COLO,Presidente,29,PCO,PARTIDO DA CAUSA OPERÁRIA,1
2010,1,ZZ,29408,29408,BOGOTÁ-COLO,Presidente,27,PSDC,PARTIDO SOCIAL DEMOCRATA CRISTÃO,1
2010,1,ZZ,29408,29408,BOGOTÁ-COLO,Presidente,50,PSOL,PARTIDO SOCIALISMO E LIBERDADE,4
2010,1,ZZ,29408,29408,BOGOTÁ-COLO,Presidente,43,PV,PARTIDO VERDE,36
2010,1,ZZ,29416,29416,BOSTON-EUA,Presidente,45,PSDB,PARTIDO DA SOCIAL DEMOCRACIA BRASILEIRA,1938
2010,1,ZZ,29416,29416,BOSTON-EUA,Presidente,13,PT,PARTIDO DOS TRABALHADORES,1795
2010,1,ZZ,29416,29416,BOSTON-EUA,Presidente,21,PCB,PARTIDO COMUNISTA BRASILEIRO,9
2010,1,ZZ,29416,29416,BOSTON-EUA,Presidente,29,PCO,PARTIDO DA CAUSA OPERÁRIA,3
2010,1,ZZ,29416,29416,BOSTON-EUA,Presidente,28,PRTB,PARTIDO RENOVADOR TRABALHISTA BRASILEIRO,11
2010,1,ZZ,29416,29416,BOSTON-EUA,Presidente,27,PSDC,PARTIDO SOCIAL DEMOCRATA CRISTÃO,14
2010,1,ZZ,29416,29416,BOSTON-EUA,Presidente,50,PSOL,PARTIDO SOCIALISMO E LIBERDADE,57
2010,1,ZZ,29416,29416,BOSTON-EUA,Presidente,16,PSTU,PARTIDO SOCIALISTA DOS TRABALHADORES UNIFICADO,26
2010,1,ZZ,29416,29416,BOSTON-EUA,Presidente,43,PV,PARTIDO VERDE,1486
2010,1,ZZ,39187,39187,BRAZZAVILLE-CONG,Presidente,45,PSDB,PARTIDO DA SOCIAL DEMOCRACIA BRASILEIRA,6
2010,1,ZZ,39187,39187,BRAZZAVILLE-CONG,Presidente,13,PT,PARTIDO DOS TRABALHADORES,6
2010,1,ZZ,39187,39187,BRAZZAVILLE-CONG,Presidente,43,PV,PARTIDO VERDE,4
2010,1,ZZ,29432,29432,BRUXELAS-BELG,Presidente,45,PSDB,PARTIDO DA SOCIAL DEMOCRACIA BRASILEIRA,301
2010,1,ZZ,29432,29432,BRUXELAS-BELG,Presidente,13,PT,PARTIDO DOS TRABALHADORES,464
2010,1,ZZ,29432,29432,BRUXELAS-BELG,Presidente,21,PCB,PARTIDO COMUNISTA BRASILEIRO,2
2010,1,ZZ,29432,29432,BRUXELAS-BELG,Presidente,29,PCO,PARTIDO DA CAUSA OPERÁRIA,2
2010,1,ZZ,29432,29432,BRUXELAS-BELG,Presidente,27,PSDC,PARTIDO SOCIAL DEMOCRATA CRISTÃO,4
2010,1,ZZ,29432,29432,BRUXELAS-BELG,Presidente,50,PSOL,PARTIDO SOCIALISMO E LIBERDADE,13
2010,1,ZZ,29432,29432,BRUXELAS-BELG,Presidente,16,PSTU,PARTIDO SOCIALISTA DOS TRABALHADORES UNIFICADO,7
2010,1,ZZ,29432,29432,BRUXELAS-BELG,Presidente,43,PV,PARTIDO VERDE,290
2010,1,ZZ,29440,29440,BUCARESTE-ROME,Presidente,45,PSDB,PARTIDO DA SOCIAL DEMOCRACIA BRASILEIRA,10
2010,1,ZZ,29440,29440,BUCARESTE-ROME,Presidente,13,PT,PARTIDO DOS TRABALHADORES,5
2010,1,ZZ,29440,29440,BUCARESTE-ROME,Presidente,43,PV,PARTIDO VERDE,14
2010,1,ZZ,29459,29459,BUDAPESTE-HUNG,Presidente,45,PSDB,PARTIDO DA SOCIAL DEMOCRACIA BRASILEIRA,23
2010,1,ZZ,29459,29459,BUDAPESTE-HUNG,Presidente,13,PT,PARTIDO DOS TRABALHADORES,33
2010,1,ZZ,29459,29459,BUDAPESTE-HUNG,Presidente,28,PRTB,PARTIDO RENOVADOR TRABALHISTA BRASILEIRO,1
2010,1,ZZ,29459,29459,BUDAPESTE-HUNG,Presidente,50,PSOL,PARTIDO SOCIALISMO E LIBERDADE,1
2010,1,ZZ,29459,29459,BUDAPESTE-HUNG,Presidente,16,PSTU,PARTIDO SOCIALISTA DOS TRABALHADORES UNIFICADO,4
2010,1,ZZ,29459,29459,BUDAPESTE-HUNG,Presidente,43,PV,PARTIDO VERDE,10
2010,1,ZZ,29467,29467,BUENOS AIRES-ARGT,Presidente,45,PSDB,PARTIDO DA SOCIAL DEMOCRACIA BRASILEIRA,546
2010,1,ZZ,29467,29467,BUENOS AIRES-ARGT,Presidente,13,PT,PARTIDO DOS TRABALHADORES,1187
2010,1,ZZ,29467,29467,BUENOS AIRES-ARGT,Presidente,21,PCB,PARTIDO COMUNISTA BRASILEIRO,5
2010,1,ZZ,29467,29467,BUENOS AIRES-ARGT,Presidente,27,PSDC,PARTIDO SOCIAL DEMOCRATA CRISTÃO,6
2010,1,ZZ,29467,29467,BUENOS AIRES-ARGT,Presidente,50,PSOL,PARTIDO SOCIALISMO E LIBERDADE,20
2010,1,ZZ,29467,29467,BUENOS AIRES-ARGT,Presidente,16,PSTU,PARTIDO SOCIALISTA DOS TRABALHADORES UNIFICADO,9
2010,1,ZZ,29467,29467,BUENOS AIRES-ARGT,Presidente,43,PV,PARTIDO VERDE,294
2010,1,ZZ,29475,29475,CAIENA-GUIF,Presidente,45,PSDB,PARTIDO DA SOCIAL DEMOCRACIA BRASILEIRA,496
2010,1,ZZ,29475,29475,CAIENA-GUIF,Presidente,13,PT,PARTIDO DOS TRABALHADORES,992
2010,1,ZZ,29475,29475,CAIENA-GUIF,Presidente,21,PCB,PARTIDO COMUNISTA BRASILEIRO,3
2010,1,ZZ,29475,29475,CAIENA-GUIF,Presidente,27,PSDC,PARTIDO SOCIAL DEMOCRATA CRISTÃO,5
2010,1,ZZ,29475,29475,CAIENA-GUIF,Presidente,50,PSOL,PARTIDO SOCIALISMO E LIBERDADE,6
2010,1,ZZ,29475,29475,CAIENA-GUIF,Presidente,16,PSTU,PARTIDO SOCIALISTA DOS TRABALHADORES UNIFICADO,7
2010,1,ZZ,29475,29475,CAIENA-GUIF,Presidente,43,PV,PARTIDO VERDE,294
2010,1,ZZ,29483,29483,CAIRO-EGIT,Presidente,45,PSDB,PARTIDO DA SOCIAL DEMOCRACIA BRASILEIRA,10
2010,1,ZZ,29483,29483,CAIRO-EGIT,Presidente,13,PT,PARTIDO DOS TRABALHADORES,21
2010,1,ZZ,29483,29483,CAIRO-EGIT,Presidente,43,PV,PARTIDO VERDE,11
2010,1,ZZ,29491,29491,CAMBERRA-AUST,Presidente,45,PSDB,PARTIDO DA SOCIAL DEMOCRACIA BRASILEIRA,14
2010,1,ZZ,29491,29491,CAMBERRA-AUST,Presidente,13,PT,PARTIDO DOS TRABALHADORES,22
2010,1,ZZ,29491,29491,CAMBERRA-AUST,Presidente,21,PCB,PARTIDO COMUNISTA BRASILEIRO,1
2010,1,ZZ,29491,29491,CAMBERRA-AUST,Presidente,27,PSDC,PARTIDO SOCIAL DEMOCRATA CRISTÃO,1
2010,1,ZZ,29491,29491,CAMBERRA-AUST,Presidente,43,PV,PARTIDO VERDE,12
2010,1,ZZ,29505,29505,CARACAS-VENE,Presidente,45,PSDB,PARTIDO DA SOCIAL DEMOCRACIA BRASILEIRA,247
2010,1,ZZ,29505,29505,CARACAS-VENE,Presidente,13,PT,PARTIDO DOS TRABALHADORES,181
2010,1,ZZ,29505,29505,CARACAS-VENE,Presidente,29,PCO,PARTIDO DA CAUSA OPERÁRIA,1
2010,1,ZZ,29505,29505,CARACAS-VENE,Presidente,43,PV,PARTIDO VERDE,32
2010,1,ZZ,29513,29513,CHICAGO-EUA,Presidente,45,PSDB,PARTIDO DA SOCIAL DEMOCRACIA BRASILEIRA,325
2010,1,ZZ,29513,29513,CHICAGO-EUA,Presidente,13,PT,PARTIDO DOS TRABALHADORES,83
2010,1,ZZ,29513,29513,CHICAGO-EUA,Presidente,21,PCB,PARTIDO COMUNISTA BRASILEIRO,2
2010,1,ZZ,29513,29513,CHICAGO-EUA,Presidente,28,PRTB,PARTIDO RENOVADOR TRABALHISTA BRASILEIRO,1
2010,1,ZZ,29513,29513,CHICAGO-EUA,Presidente,50,PSOL,PARTIDO SOCIALISMO E LIBERDADE,1
2010,1,ZZ,29513,29513,CHICAGO-EUA,Presidente,16,PSTU,PARTIDO SOCIALISTA DOS TRABALHADORES UNIFICADO,1
2010,1,ZZ,29513,29513,CHICAGO-EUA,Presidente,43,PV,PARTIDO VERDE,123
2010,1,ZZ,29530,29530,CIDADE DO CABO-RAFS,Presidente,45,PSDB,PARTIDO DA SOCIAL DEMOCRACIA BRASILEIRA,29
2010,1,ZZ,29530,29530,CIDADE DO CABO-RAFS,Presidente,13,PT,PARTIDO DOS TRABALHADORES,16
2010,1,ZZ,29530,29530,CIDADE DO CABO-RAFS,Presidente,43,PV,PARTIDO VERDE,22
2010,1,ZZ,29548,29548,CINGAPURA-CING,Presidente,45,PSDB,PARTIDO DA SOCIAL DEMOCRACIA BRASILEIRA,105
2010,1,ZZ,29548,29548,CINGAPURA-CING,Presidente,13,PT,PARTIDO DOS TRABALHADORES,12
2010,1,ZZ,29548,29548,CINGAPURA-CING,Presidente,28,PRTB,PARTIDO RENOVADOR TRABALHISTA BRASILEIRO,1
2010,1,ZZ,29548,29548,CINGAPURA-CING,Presidente,27,PSDC,PARTIDO SOCIAL DEMOCRATA CRISTÃO,2
2010,1,ZZ,29548,29548,CINGAPURA-CING,Presidente,43,PV,PARTIDO VERDE,17
2010,1,ZZ,29556,29556,CIUDAD DEL ESTE-PARG,Presidente,45,PSDB,PARTIDO DA SOCIAL DEMOCRACIA BRASILEIRA,632
2010,1,ZZ,29556,29556,CIUDAD DEL ESTE-PARG,Presidente,13,PT,PARTIDO DOS TRABALHADORES,650
2010,1,ZZ,29556,29556,CIUDAD DEL ESTE-PARG,Presidente,21,PCB,PARTIDO COMUNISTA BRASILEIRO,2
2010,1,ZZ,29556,29556,CIUDAD DEL ESTE-PARG,Presidente,29,PCO,PARTIDO DA CAUSA OPERÁRIA,1
2010,1,ZZ,29556,29556,CIUDAD DEL ESTE-PARG,Presidente,28,PRTB,PARTIDO RENOVADOR TRABALHISTA BRASILEIRO,4
2010,1,ZZ,29556,29556,CIUDAD DEL ESTE-PARG,Presidente,27,PSDC,PARTIDO SOCIAL DEMOCRATA CRISTÃO,1
2010,1,ZZ,29556,29556,CIUDAD DEL ESTE-PARG,Presidente,50,PSOL,PARTIDO SOCIALISMO E LIBERDADE,4
2010,1,ZZ,29556,29556,CIUDAD DEL ESTE-PARG,Presidente,16,PSTU,PARTIDO SOCIALISTA DOS TRABALHADORES UNIFICADO,1
2010,1,ZZ,29556,29556,CIUDAD DEL ESTE-PARG,Presidente,43,PV,PARTIDO VERDE,75
2010,1,ZZ,29564,29564,CIUDAD GUAYANA-VENE,Presidente,45,PSDB,PARTIDO DA SOCIAL DEMOCRACIA BRASILEIRA,24
2010,1,ZZ,29564,29564,CIUDAD GUAYANA-VENE,Presidente,13,PT,PARTIDO DOS TRABALHADORES,35
2010,1,ZZ,29564,29564,CIUDAD GUAYANA-VENE,Presidente,27,PSDC,PARTIDO SOCIAL DEMOCRATA CRISTÃO,1
2010,1,ZZ,29564,29564,CIUDAD GUAYANA-VENE,Presidente,16,PSTU,PARTIDO SOCIALISTA DOS TRABALHADORES UNIFICADO,1
2010,1,ZZ,29564,29564,CIUDAD GUAYANA-VENE,Presidente,43,PV,PARTIDO VERDE,5
2010,1,ZZ,29572,29572,COCHABAMBA-BOLI,Presidente,45,PSDB,PARTIDO DA SOCIAL DEMOCRACIA BRASILEIRA,44
2010,1,ZZ,29572,29572,COCHABAMBA-BOLI,Presidente,13,PT,PARTIDO DOS TRABALHADORES,49
2010,1,ZZ,29572,29572,COCHABAMBA-BOLI,Presidente,21,PCB,PARTIDO COMUNISTA BRASILEIRO,1
2010,1,ZZ,29572,29572,COCHABAMBA-BOLI,Presidente,29,PCO,PARTIDO DA CAUSA OPERÁRIA,1
2010,1,ZZ,29572,29572,COCHABAMBA-BOLI,Presidente,28,PRTB,PARTIDO RENOVADOR TRABALHISTA BRASILEIRO,1
2010,1,ZZ,29572,29572,COCHABAMBA-BOLI,Presidente,27,PSDC,PARTIDO SOCIAL DEMOCRATA CRISTÃO,1
2010,1,ZZ,29572,29572,COCHABAMBA-BOLI,Presidente,16,PSTU,PARTIDO SOCIALISTA DOS TRABALHADORES UNIFICADO,1
2010,1,ZZ,29572,29572,COCHABAMBA-BOLI,Presidente,43,PV,PARTIDO VERDE,17
2010,1,ZZ,29580,29580,CONCEPCIÓN-PARG,Presidente,45,PSDB,PARTIDO DA SOCIAL DEMOCRACIA BRASILEIRA,8
2010,1,ZZ,29580,29580,CONCEPCIÓN-PARG,Presidente,13,PT,PARTIDO DOS TRABALHADORES,13
2010,1,ZZ,29580,29580,CONCEPCIÓN-PARG,Presidente,43,PV,PARTIDO VERDE,6
2010,1,ZZ,29599,29599,COPENHAGUE-DINA,Presidente,45,PSDB,PARTIDO DA SOCIAL DEMOCRACIA BRASILEIRA,68
2010,1,ZZ,29599,29599,COPENHAGUE-DINA,Presidente,13,PT,PARTIDO DOS TRABALHADORES,126
2010,1,ZZ,29599,29599,COPENHAGUE-DINA,Presidente,27,PSDC,PARTIDO SOCIAL DEMOCRATA CRISTÃO,3
2010,1,ZZ,29599,29599,COPENHAGUE-DINA,Presidente,50,PSOL,PARTIDO SOCIALISMO E LIBERDADE,5
2010,1,ZZ,29599,29599,COPENHAGUE-DINA,Presidente,16,PSTU,PARTIDO SOCIALISTA DOS TRABALHADORES UNIFICADO,2
2010,1,ZZ,29599,29599,COPENHAGUE-DINA,Presidente,43,PV,PARTIDO VERDE,67
2010,1,ZZ,29602,29602,CÓRDOBA-ARGT,Presidente,45,PSDB,PARTIDO DA SOCIAL DEMOCRACIA BRASILEIRA,33
2010,1,ZZ,29602,29602,CÓRDOBA-ARGT,Presidente,13,PT,PARTIDO DOS TRABALHADORES,105
2010,1,ZZ,29602,29602,CÓRDOBA-ARGT,Presidente,50,PSOL,PARTIDO SOCIALISMO E LIBERDADE,1
2010,1,ZZ,29602,29602,CÓRDOBA-ARGT,Presidente,16,PSTU,PARTIDO SOCIALISTA DOS TRABALHADORES UNIFICADO,1
2010,1,ZZ,29602,29602,CÓRDOBA-ARGT,Presidente,43,PV,PARTIDO VERDE,13
2010,1,ZZ,29610,29610,DACAR-SENE,Presidente,45,PSDB,PARTIDO DA SOCIAL DEMOCRACIA BRASILEIRA,3
2010,1,ZZ,29610,29610,DACAR-SENE,Presidente,13,PT,PARTIDO DOS TRABALHADORES,16
2010,1,ZZ,29610,29610,DACAR-SENE,Presidente,28,PRTB,PARTIDO RENOVADOR TRABALHISTA BRASILEIRO,2
2010,1,ZZ,29610,29610,DACAR-SENE,Presidente,43,PV,PARTIDO VERDE,20
2010,1,ZZ,29637,29637,DAMASCO-SIRI,Presidente,45,PSDB,PARTIDO DA SOCIAL DEMOCRACIA BRASILEIRA,7
2010,1,ZZ,29637,29637,DAMASCO-SIRI,Presidente,13,PT,PARTIDO DOS TRABALHADORES,37
2010,1,ZZ,29637,29637,DAMASCO-SIRI,Presidente,29,PCO,PARTIDO DA CAUSA OPERÁRIA,1
2010,1,ZZ,29637,29637,DAMASCO-SIRI,Presidente,16,PSTU,PARTIDO SOCIALISTA DOS TRABALHADORES UNIFICADO,4
2010,1,ZZ,29637,29637,DAMASCO-SIRI,Presidente,43,PV,PARTIDO VERDE,3
2010,1,ZZ,29645,29645,DILI-TIML,Presidente,45,PSDB,PARTIDO DA SOCIAL DEMOCRACIA BRASILEIRA,9
2010,1,ZZ,29645,29645,DILI-TIML,Presidente,13,PT,PARTIDO DOS TRABALHADORES,26
2010,1,ZZ,29645,29645,DILI-TIML,Presidente,50,PSOL,PARTIDO SOCIALISMO E LIBERDADE,1
2010,1,ZZ,29645,29645,DILI-TIML,Presidente,43,PV,PARTIDO VERDE,40
2010,1,ZZ,29653,29653,DOHA-CATA,Presidente,45,PSDB,PARTIDO DA SOCIAL DEMOCRACIA BRASILEIRA,26
2010,1,ZZ,29653,29653,DOHA-CATA,Presidente,13,PT,PARTIDO DOS TRABALHADORES,19
2010,1,ZZ,29653,29653,DOHA-CATA,Presidente,16,PSTU,PARTIDO SOCIALISTA DOS TRABALHADORES UNIFICADO,1
2010,1,ZZ,29653,29653,DOHA-CATA,Presidente,43,PV,PARTIDO VERDE,16
2010,1,ZZ,30880,30880,DONGGUAN-CHIN,Presidente,45,PSDB,PARTIDO DA SOCIAL DEMOCRACIA BRASILEIRA,7
2010,1,ZZ,30880,30880,DONGGUAN-CHIN,Presidente,13,PT,PARTIDO DOS TRABALHADORES,3
2010,1,ZZ,29661,29661,DUBLIN-IRLS,Presidente,45,PSDB,PARTIDO DA SOCIAL DEMOCRACIA BRASILEIRA,48
2010,1,ZZ,29661,29661,DUBLIN-IRLS,Presidente,13,PT,PARTIDO DOS TRABALHADORES,29
2010,1,ZZ,29661,29661,DUBLIN-IRLS,Presidente,28,PRTB,PARTIDO RENOVADOR TRABALHISTA BRASILEIRO,1
2010,1,ZZ,29661,29661,DUBLIN-IRLS,Presidente,43,PV,PARTIDO VERDE,25
2010,1,ZZ,29670,29670,ENCARNACIÓN-PARG,Presidente,45,PSDB,PARTIDO DA SOCIAL DEMOCRACIA BRASILEIRA,17
2010,1,ZZ,29670,29670,ENCARNACIÓN-PARG,Presidente,13,PT,PARTIDO DOS TRABALHADORES,37
2010,1,ZZ,29670,29670,ENCARNACIÓN-PARG,Presidente,43,PV,PARTIDO VERDE,11
2010,1,ZZ,29688,29688,ESTOCOLMO-SUEC,Presidente,45,PSDB,PARTIDO DA SOCIAL DEMOCRACIA BRASILEIRA,189
2010,1,ZZ,29688,29688,ESTOCOLMO-SUEC,Presidente,13,PT,PARTIDO DOS TRABALHADORES,287
2010,1,ZZ,29688,29688,ESTOCOLMO-SUEC,Presidente,21,PCB,PARTIDO COMUNISTA BRASILEIRO,1
2010,1,ZZ,29688,29688,ESTOCOLMO-SUEC,Presidente,28,PRTB,PARTIDO RENOVADOR TRABALHISTA BRASILEIRO,3
2010,1,ZZ,29688,29688,ESTOCOLMO-SUEC,Presidente,27,PSDC,PARTIDO SOCIAL DEMOCRATA CRISTÃO,5
2010,1,ZZ,29688,29688,ESTOCOLMO-SUEC,Presidente,50,PSOL,PARTIDO SOCIALISMO E LIBERDADE,3
2010,1,ZZ,29688,29688,ESTOCOLMO-SUEC,Presidente,16,PSTU,PARTIDO SOCIALISTA DOS TRABALHADORES UNIFICADO,3
2010,1,ZZ,29688,29688,ESTOCOLMO-SUEC,Presidente,43,PV,PARTIDO VERDE,133
2010,1,ZZ,29696,29696,FRANKFURT-RFA,Presidente,45,PSDB,PARTIDO DA SOCIAL DEMOCRACIA BRASILEIRA,440
2010,1,ZZ,29696,29696,FRANKFURT-RFA,Presidente,13,PT,PARTIDO DOS TRABALHADORES,401
2010,1,ZZ,29696,29696,FRANKFURT-RFA,Presidente,21,PCB,PARTIDO COMUNISTA BRASILEIRO,8
2010,1,ZZ,29696,29696,FRANKFURT-RFA,Presidente,29,PCO,PARTIDO DA CAUSA OPERÁRIA,3
2010,1,ZZ,29696,29696,FRANKFURT-RFA,Presidente,28,PRTB,PARTIDO RENOVADOR TRABALHISTA BRASILEIRO,2
2010,1,ZZ,29696,29696,FRANKFURT-RFA,Presidente,27,PSDC,PARTIDO SOCIAL DEMOCRATA CRISTÃO,10
2010,1,ZZ,29696,29696,FRANKFURT-RFA,Presidente,50,PSOL,PARTIDO SOCIALISMO E LIBERDADE,11
2010,1,ZZ,29696,29696,FRANKFURT-RFA,Presidente,16,PSTU,PARTIDO SOCIALISTA DOS TRABALHADORES UNIFICADO,16
2010,1,ZZ,29696,29696,FRANKFURT-RFA,Presidente,43,PV,PARTIDO VERDE,243
2010,1,ZZ,29700,29700,GENEBRA-SUIC,Presidente,45,PSDB,PARTIDO DA SOCIAL DEMOCRACIA BRASILEIRA,291
2010,1,ZZ,29700,29700,GENEBRA-SUIC,Presidente,13,PT,PARTIDO DOS TRABALHADORES,319
2010,1,ZZ,29700,29700,GENEBRA-SUIC,Presidente,21,PCB,PARTIDO COMUNISTA BRASILEIRO,1
2010,1,ZZ,29700,29700,GENEBRA-SUIC,Presidente,29,PCO,PARTIDO DA CAUSA OPERÁRIA,1
2010,1,ZZ,29700,29700,GENEBRA-SUIC,Presidente,28,PRTB,PARTIDO RENOVADOR TRABALHISTA BRASILEIRO,3
2010,1,ZZ,29700,29700,GENEBRA-SUIC,Presidente,27,PSDC,PARTIDO SOCIAL DEMOCRATA CRISTÃO,1
2010,1,ZZ,29700,29700,GENEBRA-SUIC,Presidente,50,PSOL,PARTIDO SOCIALISMO E LIBERDADE,5
2010,1,ZZ,29700,29700,GENEBRA-SUIC,Presidente,16,PSTU,PARTIDO SOCIALISTA DOS TRABALHADORES UNIFICADO,2
2010,1,ZZ,29700,29700,GENEBRA-SUIC,Presidente,43,PV,PARTIDO VERDE,208
2010,1,ZZ,29718,29718,GEORGETOWN-GUIA,Presidente,45,PSDB,PARTIDO DA SOCIAL DEMOCRACIA BRASILEIRA,12
2010,1,ZZ,29718,29718,GEORGETOWN-GUIA,Presidente,13,PT,PARTIDO DOS TRABALHADORES,9
2010,1,ZZ,29718,29718,GEORGETOWN-GUIA,Presidente,27,PSDC,PARTIDO SOCIAL DEMOCRATA CRISTÃO,1
2010,1,ZZ,29718,29718,GEORGETOWN-GUIA,Presidente,50,PSOL,PARTIDO SOCIALISMO E LIBERDADE,1
2010,1,ZZ,29718,29718,GEORGETOWN-GUIA,Presidente,43,PV,PARTIDO VERDE,8
2010,1,ZZ,29726,29726,GUATEMALA-GUAT,Presidente,45,PSDB,PARTIDO DA SOCIAL DEMOCRACIA BRASILEIRA,45
2010,1,ZZ,29726,29726,GUATEMALA-GUAT,Presidente,13,PT,PARTIDO DOS TRABALHADORES,39
2010,1,ZZ,29726,29726,GUATEMALA-GUAT,Presidente,27,PSDC,PARTIDO SOCIAL DEMOCRATA CRISTÃO,1
2010,1,ZZ,29726,29726,GUATEMALA-GUAT,Presidente,50,PSOL,PARTIDO SOCIALISMO E LIBERDADE,1
2010,1,ZZ,29726,29726,GUATEMALA-GUAT,Presidente,43,PV,PARTIDO VERDE,16
2010,1,ZZ,29742,29742,HAMAMATSU-JAPA,Presidente,45,PSDB,PARTIDO DA SOCIAL DEMOCRACIA BRASILEIRA,200
2010,1,ZZ,29742,29742,HAMAMATSU-JAPA,Presidente,13,PT,PARTIDO DOS TRABALHADORES,96
2010,1,ZZ,29742,29742,HAMAMATSU-JAPA,Presidente,21,PCB,PARTIDO COMUNISTA BRASILEIRO,1
2010,1,ZZ,29742,29742,HAMAMATSU-JAPA,Presidente,28,PRTB,PARTIDO RENOVADOR TRABALHISTA BRASILEIRO,1
2010,1,ZZ,29742,29742,HAMAMATSU-JAPA,Presidente,50,PSOL,PARTIDO SOCIALISMO E LIBERDADE,5
2010,1,ZZ,29742,29742,HAMAMATSU-JAPA,Presidente,16,PSTU,PARTIDO SOCIALISTA DOS TRABALHADORES UNIFICADO,2
2010,1,ZZ,29742,29742,HAMAMATSU-JAPA,Presidente,43,PV,PARTIDO VERDE,40
2010,1,ZZ,30902,30902,HARTFORD-EUA,Presidente,45,PSDB,PARTIDO DA SOCIAL DEMOCRACIA BRASILEIRA,91
2010,1,ZZ,30902,30902,HARTFORD-EUA,Presidente,13,PT,PARTIDO DOS TRABALHADORES,71
2010,1,ZZ,30902,30902,HARTFORD-EUA,Presidente,21,PCB,PARTIDO COMUNISTA BRASILEIRO,2
2010,1,ZZ,30902,30902,HARTFORD-EUA,Presidente,50,PSOL,PARTIDO SOCIALISMO E LIBERDADE,7
2010,1,ZZ,30902,30902,HARTFORD-EUA,Presidente,16,PSTU,PARTIDO SOCIALISTA DOS TRABALHADORES UNIFICADO,1
2010,1,ZZ,30902,30902,HARTFORD-EUA,Presidente,43,PV,PARTIDO VERDE,67
2010,1,ZZ,29777,29777,HAVANA-CUBA,Presidente,45,PSDB,PARTIDO DA SOCIAL DEMOCRACIA BRASILEIRA,11
2010,1,ZZ,29777,29777,HAVANA-CUBA,Presidente,13,PT,PARTIDO DOS TRABALHADORES,195
2010,1,ZZ,29777,29777,HAVANA-CUBA,Presidente,21,PCB,PARTIDO COMUNISTA BRASILEIRO,2
2010,1,ZZ,29777,29777,HAVANA-CUBA,Presidente,28,PRTB,PARTIDO RENOVADOR TRABALHISTA BRASILEIRO,1
2010,1,ZZ,29777,29777,HAVANA-CUBA,Presidente,50,PSOL,PARTIDO SOCIALISMO E LIBERDADE,3
2010,1,ZZ,29777,29777,HAVANA-CUBA,Presidente,16,PSTU,PARTIDO SOCIALISTA DOS TRABALHADORES UNIFICADO,1
2010,1,ZZ,29777,29777,HAVANA-CUBA,Presidente,43,PV,PARTIDO VERDE,14
2010,1,ZZ,29785,29785,HELSINQUE-FINL,Presidente,45,PSDB,PARTIDO DA SOCIAL DEMOCRACIA BRASILEIRA,47
2010,1,ZZ,29785,29785,HELSINQUE-FINL,Presidente,13,PT,PARTIDO DOS TRABALHADORES,38
2010,1,ZZ,29785,29785,HELSINQUE-FINL,Presidente,21,PCB,PARTIDO COMUNISTA BRASILEIRO,2
2010,1,ZZ,29785,29785,HELSINQUE-FINL,Presidente,27,PSDC,PARTIDO SOCIAL DEMOCRATA CRISTÃO,2
2010,1,ZZ,29785,29785,HELSINQUE-FINL,Presidente,16,PSTU,PARTIDO SOCIALISTA DOS TRABALHADORES UNIFICADO,2
2010,1,ZZ,29785,29785,HELSINQUE-FINL,Presidente,43,PV,PARTIDO VERDE,36
2010,1,ZZ,29793,29793,HONG KONG-HONG,Presidente,45,PSDB,PARTIDO DA SOCIAL DEMOCRACIA BRASILEIRA,32
2010,1,ZZ,29793,29793,HONG KONG-HONG,Presidente,13,PT,PARTIDO DOS TRABALHADORES,17
2010,1,ZZ,29793,29793,HONG KONG-HONG,Presidente,21,PCB,PARTIDO COMUNISTA BRASILEIRO,1
2010,1,ZZ,29793,29793,HONG KONG-HONG,Presidente,28,PRTB,PARTIDO RENOVADOR TRABALHISTA BRASILEIRO,3
2010,1,ZZ,29793,29793,HONG KONG-HONG,Presidente,43,PV,PARTIDO VERDE,18
2010,1,ZZ,29807,29807,HOUSTON-EUA,Presidente,45,PSDB,PARTIDO DA SOCIAL DEMOCRACIA BRASILEIRA,929
2010,1,ZZ,29807,29807,HOUSTON-EUA,Presidente,13,PT,PARTIDO DOS TRABALHADORES,251
2010,1,ZZ,29807,29807,HOUSTON-EUA,Presidente,21,PCB,PARTIDO COMUNISTA BRASILEIRO,6
2010,1,ZZ,29807,29807,HOUSTON-EUA,Presidente,28,PRTB,PARTIDO RENOVADOR TRABALHISTA BRASILEIRO,4
2010,1,ZZ,29807,29807,HOUSTON-EUA,Presidente,27,PSDC,PARTIDO SOCIAL DEMOCRATA CRISTÃO,9
2010,1,ZZ,29807,29807,HOUSTON-EUA,Presidente,50,PSOL,PARTIDO SOCIALISMO E LIBERDADE,13
2010,1,ZZ,29807,29807,HOUSTON-EUA,Presidente,16,PSTU,PARTIDO SOCIALISTA DOS TRABALHADORES UNIFICADO,4
2010,1,ZZ,29807,29807,HOUSTON-EUA,Presidente,43,PV,PARTIDO VERDE,285
2010,1,ZZ,29840,29840,JACARTA-INDO,Presidente,45,PSDB,PARTIDO DA SOCIAL DEMOCRACIA BRASILEIRA,6
2010,1,ZZ,29840,29840,JACARTA-INDO,Presidente,13,PT,PARTIDO DOS TRABALHADORES,1
2010,1,ZZ,29840,29840,JACARTA-INDO,Presidente,43,PV,PARTIDO VERDE,2
2010,1,ZZ,29866,29866,KINGSTON-JAMA,Presidente,45,PSDB,PARTIDO DA SOCIAL DEMOCRACIA BRASILEIRA,3
2010,1,ZZ,29866,29866,KINGSTON-JAMA,Presidente,13,PT,PARTIDO DOS TRABALHADORES,17
2010,1,ZZ,29866,29866,KINGSTON-JAMA,Presidente,43,PV,PARTIDO VERDE,2
2010,1,ZZ,29874,29874,KINSHASA-RCON,Presidente,45,PSDB,PARTIDO DA SOCIAL DEMOCRACIA BRASILEIRA,7
2010,1,ZZ,29874,29874,KINSHASA-RCON,Presidente,13,PT,PARTIDO DOS TRABALHADORES,8
2010,1,ZZ,29874,29874,KINSHASA-RCON,Presidente,28,PRTB,PARTIDO RENOVADOR TRABALHISTA BRASILEIRO,1
2010,1,ZZ,29874,29874,KINSHASA-RCON,Presidente,43,PV,PARTIDO VERDE,4
2010,1,ZZ,29882,29882,KUAITE-KUAI,Presidente,45,PSDB,PARTIDO DA SOCIAL DEMOCRACIA BRASILEIRA,9
2010,1,ZZ,29882,29882,KUAITE-KUAI,Presidente,13,PT,PARTIDO DOS TRABALHADORES,10
2010,1,ZZ,29882,29882,KUAITE-KUAI,Presidente,43,PV,PARTIDO VERDE,7
2010,1,ZZ,29890,29890,KUALA LUMPUR-MALA,Presidente,45,PSDB,PARTIDO DA SOCIAL DEMOCRACIA BRASILEIRA,16
2010,1,ZZ,29890,29890,KUALA LUMPUR-MALA,Presidente,13,PT,PARTIDO DOS TRABALHADORES,7
2010,1,ZZ,29890,29890,KUALA LUMPUR-MALA,Presidente,43,PV,PARTIDO VERDE,8
2010,1,ZZ,29904,29904,LA PAZ-BOLI,Presidente,45,PSDB,PARTIDO DA SOCIAL DEMOCRACIA BRASILEIRA,75
2010,1,ZZ,29904,29904,LA PAZ-BOLI,Presidente,13,PT,PARTIDO DOS TRABALHADORES,70
2010,1,ZZ,29904,29904,LA PAZ-BOLI,Presidente,27,PSDC,PARTIDO SOCIAL DEMOCRATA CRISTÃO,2
2010,1,ZZ,29904,29904,LA PAZ-BOLI,Presidente,50,PSOL,PARTIDO SOCIALISMO E LIBERDADE,2
2010,1,ZZ,29904,29904,LA PAZ-BOLI,Presidente,16,PSTU,PARTIDO SOCIALISTA DOS TRABALHADORES UNIFICADO,2
2010,1,ZZ,29904,29904,LA PAZ-BOLI,Presidente,43,PV,PARTIDO VERDE,39
2010,1,ZZ,29912,29912,LAGOS-NIGR,Presidente,45,PSDB,PARTIDO DA SOCIAL DEMOCRACIA BRASILEIRA,13
2010,1,ZZ,29912,29912,LAGOS-NIGR,Presidente,13,PT,PARTIDO DOS TRABALHADORES,7
2010,1,ZZ,29939,29939,LIBREVILLE-GABA,Presidente,45,PSDB,PARTIDO DA SOCIAL DEMOCRACIA BRASILEIRA,2
2010,1,ZZ,29939,29939,LIBREVILLE-GABA,Presidente,13,PT,PARTIDO DOS TRABALHADORES,17
2010,1,ZZ,29939,29939,LIBREVILLE-GABA,Presidente,50,PSOL,PARTIDO SOCIALISMO E LIBERDADE,1
2010,1,ZZ,29939,29939,LIBREVILLE-GABA,Presidente,43,PV,PARTIDO VERDE,3
2010,1,ZZ,29947,29947,LIMA-PERU,Presidente,45,PSDB,PARTIDO DA SOCIAL DEMOCRACIA BRASILEIRA,193
2010,1,ZZ,29947,29947,LIMA-PERU,Presidente,13,PT,PARTIDO DOS TRABALHADORES,127
2010,1,ZZ,29947,29947,LIMA-PERU,Presidente,21,PCB,PARTIDO COMUNISTA BRASILEIRO,4
2010,1,ZZ,29947,29947,LIMA-PERU,Presidente,27,PSDC,PARTIDO SOCIAL DEMOCRATA CRISTÃO,5
2010,1,ZZ,29947,29947,LIMA-PERU,Presidente,50,PSOL,PARTIDO SOCIALISMO E LIBERDADE,3
2010,1,ZZ,29947,29947,LIMA-PERU,Presidente,16,PSTU,PARTIDO SOCIALISTA DOS TRABALHADORES UNIFICADO,6
2010,1,ZZ,29947,29947,LIMA-PERU,Presidente,43,PV,PARTIDO VERDE,56
2010,1,ZZ,29955,29955,LISBOA-PORT,Presidente,45,PSDB,PARTIDO DA SOCIAL DEMOCRACIA BRASILEIRA,1144
2010,1,ZZ,29955,29955,LISBOA-PORT,Presidente,13,PT,PARTIDO DOS TRABALHADORES,2094
2010,1,ZZ,29955,29955,LISBOA-PORT,Presidente,21,PCB,PARTIDO COMUNISTA BRASILEIRO,8
2010,1,ZZ,29955,29955,LISBOA-PORT,Presidente,29,PCO,PARTIDO DA CAUSA OPERÁRIA,1
2010,1,ZZ,29955,29955,LISBOA-PORT,Presidente,28,PRTB,PARTIDO RENOVADOR TRABALHISTA BRASILEIRO,3
2010,1,ZZ,29955,29955,LISBOA-PORT,Presidente,27,PSDC,PARTIDO SOCIAL DEMOCRATA CRISTÃO,8
2010,1,ZZ,29955,29955,LISBOA-PORT,Presidente,50,PSOL,PARTIDO SOCIALISMO E LIBERDADE,28
2010,1,ZZ,29955,29955,LISBOA-PORT,Presidente,16,PSTU,PARTIDO SOCIALISTA DOS TRABALHADORES UNIFICADO,11
2010,1,ZZ,29955,29955,LISBOA-PORT,Presidente,43,PV,PARTIDO VERDE,612
2010,1,ZZ,29971,29971,LONDRES-GBRE,Presidente,45,PSDB,PARTIDO DA SOCIAL DEMOCRACIA BRASILEIRA,1152
2010,1,ZZ,29971,29971,LONDRES-GBRE,Presidente,13,PT,PARTIDO DOS TRABALHADORES,1106
2010,1,ZZ,29971,29971,LONDRES-GBRE,Presidente,21,PCB,PARTIDO COMUNISTA BRASILEIRO,7
2010,1,ZZ,29971,29971,LONDRES-GBRE,Presidente,29,PCO,PARTIDO DA CAUSA OPERÁRIA,3
2010,1,ZZ,29971,29971,LONDRES-GBRE,Presidente,28,PRTB,PARTIDO RENOVADOR TRABALHISTA BRASILEIRO,4
2010,1,ZZ,29971,29971,LONDRES-GBRE,Presidente,27,PSDC,PARTIDO SOCIAL DEMOCRATA CRISTÃO,5
2010,1,ZZ,29971,29971,LONDRES-GBRE,Presidente,50,PSOL,PARTIDO SOCIALISMO E LIBERDADE,33
2010,1,ZZ,29971,29971,LONDRES-GBRE,Presidente,16,PSTU,PARTIDO SOCIALISTA DOS TRABALHADORES UNIFICADO,18
2010,1,ZZ,29971,29971,LONDRES-GBRE,Presidente,43,PV,PARTIDO VERDE,782
2010,1,ZZ,29980,29980,LOS ANGELES-EUA,Presidente,45,PSDB,PARTIDO DA SOCIAL DEMOCRACIA BRASILEIRA,697
2010,1,ZZ,29980,29980,LOS ANGELES-EUA,Presidente,13,PT,PARTIDO DOS TRABALHADORES,269
2010,1,ZZ,29980,29980,LOS ANGELES-EUA,Presidente,21,PCB,PARTIDO COMUNISTA BRASILEIRO,1
2010,1,ZZ,29980,29980,LOS ANGELES-EUA,Presidente,28,PRTB,PARTIDO RENOVADOR TRABALHISTA BRASILEIRO,2
2010,1,ZZ,29980,29980,LOS ANGELES-EUA,Presidente,27,PSDC,PARTIDO SOCIAL DEMOCRATA CRISTÃO,9
2010,1,ZZ,29980,29980,LOS ANGELES-EUA,Presidente,50,PSOL,PARTIDO SOCIALISMO E LIBERDADE,6
2010,1,ZZ,29980,29980,LOS ANGELES-EUA,Presidente,16,PSTU,PARTIDO SOCIALISTA DOS TRABALHADORES UNIFICADO,7
2010,1,ZZ,29980,29980,LOS ANGELES-EUA,Presidente,43,PV,PARTIDO VERDE,290
2010,1,ZZ,29998,29998,LUANDA-ANGO,Presidente,45,PSDB,PARTIDO DA SOCIAL DEMOCRACIA BRASILEIRA,46
2010,1,ZZ,29998,29998,LUANDA-ANGO,Presidente,13,PT,PARTIDO DOS TRABALHADORES,78
2010,1,ZZ,29998,29998,LUANDA-ANGO,Presidente,50,PSOL,PARTIDO SOCIALISMO E LIBERDADE,1
2010,1,ZZ,29998,29998,LUANDA-ANGO,Presidente,16,PSTU,PARTIDO SOCIALISTA DOS TRABALHADORES UNIFICADO,1
2010,1,ZZ,29998,29998,LUANDA-ANGO,Presidente,43,PV,PARTIDO VERDE,27
2010,1,ZZ,30066,30066,MADRI-ESPA,Presidente,45,PSDB,PARTIDO DA SOCIAL DEMOCRACIA BRASILEIRA,403
2010,1,ZZ,30066,30066,MADRI-ESPA,Presidente,13,PT,PARTIDO DOS TRABALHADORES,689
2010,1,ZZ,30066,30066,MADRI-ESPA,Presidente,21,PCB,PARTIDO COMUNISTA BRASILEIRO,2
2010,1,ZZ,30066,30066,MADRI-ESPA,Presidente,29,PCO,PARTIDO DA CAUSA OPERÁRIA,1
2010,1,ZZ,30066,30066,MADRI-ESPA,Presidente,28,PRTB,PARTIDO RENOVADOR TRABALHISTA BRASILEIRO,3
2010,1,ZZ,30066,30066,MADRI-ESPA,Presidente,27,PSDC,PARTIDO SOCIAL DEMOCRATA CRISTÃO,8
2010,1,ZZ,30066,30066,MADRI-ESPA,Presidente,50,PSOL,PARTIDO SOCIALISMO E LIBERDADE,9
2010,1,ZZ,30066,30066,MADRI-ESPA,Presidente,16,PSTU,PARTIDO SOCIALISTA DOS TRABALHADORES UNIFICADO,13
2010,1,ZZ,30066,30066,MADRI-ESPA,Presidente,43,PV,PARTIDO VERDE,212
2010,1,ZZ,30082,30082,MANILA-FILI,Presidente,45,PSDB,PARTIDO DA SOCIAL DEMOCRACIA BRASILEIRA,7
2010,1,ZZ,30082,30082,MANILA-FILI,Presidente,13,PT,PARTIDO DOS TRABALHADORES,19
2010,1,ZZ,30082,30082,MANILA-FILI,Presidente,43,PV,PARTIDO VERDE,1
2010,1,ZZ,30074,30074,MANÁGUA-NICA,Presidente,45,PSDB,PARTIDO DA SOCIAL DEMOCRACIA BRASILEIRA,23
2010,1,ZZ,30074,30074,MANÁGUA-NICA,Presidente,13,PT,PARTIDO DOS TRABALHADORES,56
2010,1,ZZ,30074,30074,MANÁGUA-NICA,Presidente,21,PCB,PARTIDO COMUNISTA BRASILEIRO,1
2010,1,ZZ,30074,30074,MANÁGUA-NICA,Presidente,28,PRTB,PARTIDO RENOVADOR TRABALHISTA BRASILEIRO,2
2010,1,ZZ,30074,30074,MANÁGUA-NICA,Presidente,50,PSOL,PARTIDO SOCIALISMO E LIBERDADE,2
2010,1,ZZ,30074,30074,MANÁGUA-NICA,Presidente,43,PV,PARTIDO VERDE,5
2010,1,ZZ,30090,30090,MAPUTO-MOÇA,Presidente,45,PSDB,PARTIDO DA SOCIAL DEMOCRACIA BRASILEIRA,51
2010,1,ZZ,30090,30090,MAPUTO-MOÇA,Presidente,13,PT,PARTIDO DOS TRABALHADORES,95
2010,1,ZZ,30090,30090,MAPUTO-MOÇA,Presidente,21,PCB,PARTIDO COMUNISTA BRASILEIRO,2
2010,1,ZZ,30090,30090,MAPUTO-MOÇA,Presidente,43,PV,PARTIDO VERDE,55
2010,1,ZZ,39004,39004,MENDONZA-ARGT,Presidente,45,PSDB,PARTIDO DA SOCIAL DEMOCRACIA BRASILEIRA,11
2010,1,ZZ,39004,39004,MENDONZA-ARGT,Presidente,13,PT,PARTIDO DOS TRABALHADORES,56
2010,1,ZZ,39004,39004,MENDONZA-ARGT,Presidente,43,PV,PARTIDO VERDE,20
2010,1,ZZ,30112,30112,MIAMI-EUA,Presidente,45,PSDB,PARTIDO DA SOCIAL DEMOCRACIA BRASILEIRA,2510
2010,1,ZZ,30112,30112,MIAMI-EUA,Presidente,13,PT,PARTIDO DOS TRABALHADORES,622
2010,1,ZZ,30112,30112,MIAMI-EUA,Presidente,21,PCB,PARTIDO COMUNISTA BRASILEIRO,3
2010,1,ZZ,30112,30112,MIAMI-EUA,Presidente,29,PCO,PARTIDO DA CAUSA OPERÁRIA,2
2010,1,ZZ,30112,30112,MIAMI-EUA,Presidente,28,PRTB,PARTIDO RENOVADOR TRABALHISTA BRASILEIRO,6
2010,1,ZZ,30112,30112,MIAMI-EUA,Presidente,27,PSDC,PARTIDO SOCIAL DEMOCRATA CRISTÃO,3
2010,1,ZZ,30112,30112,MIAMI-EUA,Presidente,50,PSOL,PARTIDO SOCIALISMO E LIBERDADE,42
2010,1,ZZ,30112,30112,MIAMI-EUA,Presidente,16,PSTU,PARTIDO SOCIALISTA DOS TRABALHADORES UNIFICADO,16
2010,1,ZZ,30112,30112,MIAMI-EUA,Presidente,43,PV,PARTIDO VERDE,1051
2010,1,ZZ,30120,30120,MILÃO-ITAL,Presidente,45,PSDB,PARTIDO DA SOCIAL DEMOCRACIA BRASILEIRA,961
2010,1,ZZ,30120,30120,MILÃO-ITAL,Presidente,13,PT,PARTIDO DOS TRABALHADORES,1976
2010,1,ZZ,30120,30120,MILÃO-ITAL,Presidente,21,PCB,PARTIDO COMUNISTA BRASILEIRO,24
2010,1,ZZ,30120,30120,MILÃO-ITAL,Presidente,29,PCO,PARTIDO DA CAUSA OPERÁRIA,5
2010,1,ZZ,30120,30120,MILÃO-ITAL,Presidente,28,PRTB,PARTIDO RENOVADOR TRABALHISTA BRASILEIRO,16
2010,1,ZZ,30120,30120,MILÃO-ITAL,Presidente,27,PSDC,PARTIDO SOCIAL DEMOCRATA CRISTÃO,25
2010,1,ZZ,30120,30120,MILÃO-ITAL,Presidente,50,PSOL,PARTIDO SOCIALISMO E LIBERDADE,15
2010,1,ZZ,30120,30120,MILÃO-ITAL,Presidente,16,PSTU,PARTIDO SOCIALISTA DOS TRABALHADORES UNIFICADO,49
2010,1,ZZ,30120,30120,MILÃO-ITAL,Presidente,43,PV,PARTIDO VERDE,641
2010,1,ZZ,30139,30139,MITSUKAIDO-JAPA,Presidente,45,PSDB,PARTIDO DA SOCIAL DEMOCRACIA BRASILEIRA,192
2010,1,ZZ,30139,30139,MITSUKAIDO-JAPA,Presidente,13,PT,PARTIDO DOS TRABALHADORES,101
2010,1,ZZ,30139,30139,MITSUKAIDO-JAPA,Presidente,21,PCB,PARTIDO COMUNISTA BRASILEIRO,2
2010,1,ZZ,30139,30139,MITSUKAIDO-JAPA,Presidente,29,PCO,PARTIDO DA CAUSA OPERÁRIA,1
2010,1,ZZ,30139,30139,MITSUKAIDO-JAPA,Presidente,28,PRTB,PARTIDO RENOVADOR TRABALHISTA BRASILEIRO,6
2010,1,ZZ,30139,30139,MITSUKAIDO-JAPA,Presidente,27,PSDC,PARTIDO SOCIAL DEMOCRATA CRISTÃO,6
2010,1,ZZ,30139,30139,MITSUKAIDO-JAPA,Presidente,50,PSOL,PARTIDO SOCIALISMO E LIBERDADE,3
2010,1,ZZ,30139,30139,MITSUKAIDO-JAPA,Presidente,16,PSTU,PARTIDO SOCIALISTA DOS TRABALHADORES UNIFICADO,3
2010,1,ZZ,30139,30139,MITSUKAIDO-JAPA,Presidente,43,PV,PARTIDO VERDE,63
2010,1,ZZ,30147,30147,MONTEVIDÉU-URUG,Presidente,45,PSDB,PARTIDO DA SOCIAL DEMOCRACIA BRASILEIRA,289
2010,1,ZZ,30147,30147,MONTEVIDÉU-URUG,Presidente,13,PT,PARTIDO DOS TRABALHADORES,409
2010,1,ZZ,30147,30147,MONTEVIDÉU-URUG,Presidente,21,PCB,PARTIDO COMUNISTA BRASILEIRO,4
2010,1,ZZ,30147,30147,MONTEVIDÉU-URUG,Presidente,28,PRTB,PARTIDO RENOVADOR TRABALHISTA BRASILEIRO,2
2010,1,ZZ,30147,30147,MONTEVIDÉU-URUG,Presidente,27,PSDC,PARTIDO SOCIAL DEMOCRATA CRISTÃO,1
2010,1,ZZ,30147,30147,MONTEVIDÉU-URUG,Presidente,50,PSOL,PARTIDO SOCIALISMO E LIBERDADE,10
2010,1,ZZ,30147,30147,MONTEVIDÉU-URUG,Presidente,16,PSTU,PARTIDO SOCIALISTA DOS TRABALHADORES UNIFICADO,13
2010,1,ZZ,30147,30147,MONTEVIDÉU-URUG,Presidente,43,PV,PARTIDO VERDE,152
2010,1,ZZ,30155,30155,MONTREAL-CANA,Presidente,45,PSDB,PARTIDO DA SOCIAL DEMOCRACIA BRASILEIRA,673
2010,1,ZZ,30155,30155,MONTREAL-CANA,Presidente,13,PT,PARTIDO DOS TRABALHADORES,471
2010,1,ZZ,30155,30155,MONTREAL-CANA,Presidente,21,PCB,PARTIDO COMUNISTA BRASILEIRO,1
2010,1,ZZ,30155,30155,MONTREAL-CANA,Presidente,29,PCO,PARTIDO DA CAUSA OPERÁRIA,1
2010,1,ZZ,30155,30155,MONTREAL-CANA,Presidente,28,PRTB,PARTIDO RENOVADOR TRABALHISTA BRASILEIRO,4
2010,1,ZZ,30155,30155,MONTREAL-CANA,Presidente,27,PSDC,PARTIDO SOCIAL DEMOCRATA CRISTÃO,2
2010,1,ZZ,30155,30155,MONTREAL-CANA,Presidente,50,PSOL,PARTIDO SOCIALISMO E LIBERDADE,10
2010,1,ZZ,30155,30155,MONTREAL-CANA,Presidente,16,PSTU,PARTIDO SOCIALISTA DOS TRABALHADORES UNIFICADO,3
2010,1,ZZ,30155,30155,MONTREAL-CANA,Presidente,43,PV,PARTIDO VERDE,400
2010,1,ZZ,30163,30163,MOSCOU-RUSS,Presidente,45,PSDB,PARTIDO DA SOCIAL DEMOCRACIA BRASILEIRA,11
2010,1,ZZ,30163,30163,MOSCOU-RUSS,Presidente,13,PT,PARTIDO DOS TRABALHADORES,8
2010,1,ZZ,30163,30163,MOSCOU-RUSS,Presidente,21,PCB,PARTIDO COMUNISTA BRASILEIRO,1
2010,1,ZZ,30163,30163,MOSCOU-RUSS,Presidente,50,PSOL,PARTIDO SOCIALISMO E LIBERDADE,1
2010,1,ZZ,30163,30163,MOSCOU-RUSS,Presidente,16,PSTU,PARTIDO SOCIALISTA DOS TRABALHADORES UNIFICADO,4
2010,1,ZZ,30163,30163,MOSCOU-RUSS,Presidente,43,PV,PARTIDO VERDE,7
2010,1,ZZ,30180,30180,MUNIQUE-RFA,Presidente,45,PSDB,PARTIDO DA SOCIAL DEMOCRACIA BRASILEIRA,509
2010,1,ZZ,30180,30180,MUNIQUE-RFA,Presidente,13,PT,PARTIDO DOS TRABALHADORES,426
2010,1,ZZ,30180,30180,MUNIQUE-RFA,Presidente,21,PCB,PARTIDO COMUNISTA BRASILEIRO,5
2010,1,ZZ,30180,30180,MUNIQUE-RFA,Presidente,29,PCO,PARTIDO DA CAUSA OPERÁRIA,7
2010,1,ZZ,30180,30180,MUNIQUE-RFA,Presidente,28,PRTB,PARTIDO RENOVADOR TRABALHISTA BRASILEIRO,5
2010,1,ZZ,30180,30180,MUNIQUE-RFA,Presidente,27,PSDC,PARTIDO SOCIAL DEMOCRATA CRISTÃO,6
2010,1,ZZ,30180,30180,MUNIQUE-RFA,Presidente,50,PSOL,PARTIDO SOCIALISMO E LIBERDADE,7
2010,1,ZZ,30180,30180,MUNIQUE-RFA,Presidente,16,PSTU,PARTIDO SOCIALISTA DOS TRABALHADORES UNIFICADO,5
2010,1,ZZ,30180,30180,MUNIQUE-RFA,Presidente,43,PV,PARTIDO VERDE,349
2010,1,ZZ,30104,30104,MÉXICO-MEXI,Presidente,45,PSDB,PARTIDO DA SOCIAL DEMOCRACIA BRASILEIRA,216
2010,1,ZZ,30104,30104,MÉXICO-MEXI,Presidente,13,PT,PARTIDO DOS TRABALHADORES,147
2010,1,ZZ,30104,30104,MÉXICO-MEXI,Presidente,27,PSDC,PARTIDO SOCIAL DEMOCRATA CRISTÃO,2
2010,1,ZZ,30104,30104,MÉXICO-MEXI,Presidente,50,PSOL,PARTIDO SOCIALISMO E LIBERDADE,2
2010,1,ZZ,30104,30104,MÉXICO-MEXI,Presidente,16,PSTU,PARTIDO SOCIALISTA DOS TRABALHADORES UNIFICADO,2
2010,1,ZZ,30104,30104,MÉXICO-MEXI,Presidente,43,PV,PARTIDO VERDE,46
2010,1,ZZ,30198,30198,NAGOYA-JAPA,Presidente,45,PSDB,PARTIDO DA SOCIAL DEMOCRACIA BRASILEIRA,1168
2010,1,ZZ,30198,30198,NAGOYA-JAPA,Presidente,13,PT,PARTIDO DOS TRABALHADORES,590
2010,1,ZZ,30198,30198,NAGOYA-JAPA,Presidente,21,PCB,PARTIDO COMUNISTA BRASILEIRO,7
2010,1,ZZ,30198,30198,NAGOYA-JAPA,Presidente,29,PCO,PARTIDO DA CAUSA OPERÁRIA,1
2010,1,ZZ,30198,30198,NAGOYA-JAPA,Presidente,28,PRTB,PARTIDO RENOVADOR TRABALHISTA BRASILEIRO,1
2010,1,ZZ,30198,30198,NAGOYA-JAPA,Presidente,27,PSDC,PARTIDO SOCIAL DEMOCRATA CRISTÃO,8
2010,1,ZZ,30198,30198,NAGOYA-JAPA,Presidente,50,PSOL,PARTIDO SOCIALISMO E LIBERDADE,15
2010,1,ZZ,30198,30198,NAGOYA-JAPA,Presidente,16,PSTU,PARTIDO SOCIALISTA DOS TRABALHADORES UNIFICADO,12
2010,1,ZZ,30198,30198,NAGOYA-JAPA,Presidente,43,PV,PARTIDO VERDE,250
2010,1,ZZ,30201,30201,NAIROBI-QUEN,Presidente,45,PSDB,PARTIDO DA SOCIAL DEMOCRACIA BRASILEIRA,4
2010,1,ZZ,30201,30201,NAIROBI-QUEN,Presidente,13,PT,PARTIDO DOS TRABALHADORES,5
2010,1,ZZ,30201,30201,NAIROBI-QUEN,Presidente,43,PV,PARTIDO VERDE,6
2010,1,ZZ,30210,30210,NOVA DELHI-INDI,Presidente,45,PSDB,PARTIDO DA SOCIAL DEMOCRACIA BRASILEIRA,4
2010,1,ZZ,30210,30210,NOVA DELHI-INDI,Presidente,13,PT,PARTIDO DOS TRABALHADORES,6
2010,1,ZZ,30210,30210,NOVA DELHI-INDI,Presidente,43,PV,PARTIDO VERDE,8
2010,1,ZZ,30228,30228,NOVA YORK-EUA,Presidente,45,PSDB,PARTIDO DA SOCIAL DEMOCRACIA BRASILEIRA,3753
2010,1,ZZ,30228,30228,NOVA YORK-EUA,Presidente,13,PT,PARTIDO DOS TRABALHADORES,2198
2010,1,ZZ,30228,30228,NOVA YORK-EUA,Presidente,21,PCB,PARTIDO COMUNISTA BRASILEIRO,15
2010,1,ZZ,30228,30228,NOVA YORK-EUA,Presidente,29,PCO,PARTIDO DA CAUSA OPERÁRIA,11
2010,1,ZZ,30228,30228,NOVA YORK-EUA,Presidente,28,PRTB,PARTIDO RENOVADOR TRABALHISTA BRASILEIRO,27
2010,1,ZZ,30228,30228,NOVA YORK-EUA,Presidente,27,PSDC,PARTIDO SOCIAL DEMOCRATA CRISTÃO,33
2010,1,ZZ,30228,30228,NOVA YORK-EUA,Presidente,50,PSOL,PARTIDO SOCIALISMO E LIBERDADE,106
2010,1,ZZ,30228,30228,NOVA YORK-EUA,Presidente,16,PSTU,PARTIDO SOCIALISTA DOS TRABALHADORES UNIFICADO,54
2010,1,ZZ,30228,30228,NOVA YORK-EUA,Presidente,43,PV,PARTIDO VERDE,2104
2010,1,ZZ,30236,30236,OIZUMI-JAPA,Presidente,45,PSDB,PARTIDO DA SOCIAL DEMOCRACIA BRASILEIRA,520
2010,1,ZZ,30236,30236,OIZUMI-JAPA,Presidente,13,PT,PARTIDO DOS TRABALHADORES,335
2010,1,ZZ,30236,30236,OIZUMI-JAPA,Presidente,21,PCB,PARTIDO COMUNISTA BRASILEIRO,7
2010,1,ZZ,30236,30236,OIZUMI-JAPA,Presidente,29,PCO,PARTIDO DA CAUSA OPERÁRIA,1
2010,1,ZZ,30236,30236,OIZUMI-JAPA,Presidente,28,PRTB,PARTIDO RENOVADOR TRABALHISTA BRASILEIRO,4
2010,1,ZZ,30236,30236,OIZUMI-JAPA,Presidente,27,PSDC,PARTIDO SOCIAL DEMOCRATA CRISTÃO,5
2010,1,ZZ,30236,30236,OIZUMI-JAPA,Presidente,50,PSOL,PARTIDO SOCIALISMO E LIBERDADE,11
2010,1,ZZ,30236,30236,OIZUMI-JAPA,Presidente,16,PSTU,PARTIDO SOCIALISTA DOS TRABALHADORES UNIFICADO,16
2010,1,ZZ,30236,30236,OIZUMI-JAPA,Presidente,43,PV,PARTIDO VERDE,148
2010,1,ZZ,30244,30244,OSLO-NORG,Presidente,45,PSDB,PARTIDO DA SOCIAL DEMOCRACIA BRASILEIRA,58
2010,1,ZZ,30244,30244,OSLO-NORG,Presidente,13,PT,PARTIDO DOS TRABALHADORES,111
2010,1,ZZ,30244,30244,OSLO-NORG,Presidente,28,PRTB,PARTIDO RENOVADOR TRABALHISTA BRASILEIRO,1
2010,1,ZZ,30244,30244,OSLO-NORG,Presidente,50,PSOL,PARTIDO SOCIALISMO E LIBERDADE,1
2010,1,ZZ,30244,30244,OSLO-NORG,Presidente,16,PSTU,PARTIDO SOCIALISTA DOS TRABALHADORES UNIFICADO,2
2010,1,ZZ,30244,30244,OSLO-NORG,Presidente,43,PV,PARTIDO VERDE,71
2010,1,ZZ,30252,30252,OTTAWA-CANA,Presidente,45,PSDB,PARTIDO DA SOCIAL DEMOCRACIA BRASILEIRA,194
2010,1,ZZ,30252,30252,OTTAWA-CANA,Presidente,13,PT,PARTIDO DOS TRABALHADORES,96
2010,1,ZZ,30252,30252,OTTAWA-CANA,Presidente,21,PCB,PARTIDO COMUNISTA BRASILEIRO,4
2010,1,ZZ,30252,30252,OTTAWA-CANA,Presidente,29,PCO,PARTIDO DA CAUSA OPERÁRIA,1
2010,1,ZZ,30252,30252,OTTAWA-CANA,Presidente,28,PRTB,PARTIDO RENOVADOR TRABALHISTA BRASILEIRO,2
2010,1,ZZ,30252,30252,OTTAWA-CANA,Presidente,27,PSDC,PARTIDO SOCIAL DEMOCRATA CRISTÃO,1
2010,1,ZZ,30252,30252,OTTAWA-CANA,Presidente,50,PSOL,PARTIDO SOCIALISMO E LIBERDADE,2
2010,1,ZZ,30252,30252,OTTAWA-CANA,Presidente,16,PSTU,PARTIDO SOCIALISTA DOS TRABALHADORES UNIFICADO,4
2010,1,ZZ,30252,30252,OTTAWA-CANA,Presidente,43,PV,PARTIDO VERDE,102
2010,1,ZZ,30260,30260,PANAMÁ-PANA,Presidente,45,PSDB,PARTIDO DA SOCIAL DEMOCRACIA BRASILEIRA,173
2010,1,ZZ,30260,30260,PANAMÁ-PANA,Presidente,13,PT,PARTIDO DOS TRABALHADORES,106
2010,1,ZZ,30260,30260,PANAMÁ-PANA,Presidente,28,PRTB,PARTIDO RENOVADOR TRABALHISTA BRASILEIRO,1
2010,1,ZZ,30260,30260,PANAMÁ-PANA,Presidente,27,PSDC,PARTIDO SOCIAL DEMOCRATA CRISTÃO,4
2010,1,ZZ,30260,30260,PANAMÁ-PANA,Presidente,50,PSOL,PARTIDO SOCIALISMO E LIBERDADE,1
2010,1,ZZ,30260,30260,PANAMÁ-PANA,Presidente,16,PSTU,PARTIDO SOCIALISTA DOS TRABALHADORES UNIFICADO,3
2010,1,ZZ,30260,30260,PANAMÁ-PANA,Presidente,43,PV,PARTIDO VERDE,34
2010,1,ZZ,30279,30279,PARAMARIBO-SURI,Presidente,45,PSDB,PARTIDO DA SOCIAL DEMOCRACIA BRASILEIRA,89
2010,1,ZZ,30279,30279,PARAMARIBO-SURI,Presidente,13,PT,PARTIDO DOS TRABALHADORES,148
2010,1,ZZ,30279,30279,PARAMARIBO-SURI,Presidente,21,PCB,PARTIDO COMUNISTA BRASILEIRO,1
2010,1,ZZ,30279,30279,PARAMARIBO-SURI,Presidente,50,PSOL,PARTIDO SOCIALISMO E LIBERDADE,1
2010,1,ZZ,30279,30279,PARAMARIBO-SURI,Presidente,43,PV,PARTIDO VERDE,37
2010,1,ZZ,30287,30287,PARIS-FRAN,Presidente,45,PSDB,PARTIDO DA SOCIAL DEMOCRACIA BRASILEIRA,618
2010,1,ZZ,30287,30287,PARIS-FRAN,Presidente,13,PT,PARTIDO DOS TRABALHADORES,964
2010,1,ZZ,30287,30287,PARIS-FRAN,Presidente,21,PCB,PARTIDO COMUNISTA BRASILEIRO,6
2010,1,ZZ,30287,30287,PARIS-FRAN,Presidente,29,PCO,PARTIDO DA CAUSA OPERÁRIA,3
2010,1,ZZ,30287,30287,PARIS-FRAN,Presidente,27,PSDC,PARTIDO SOCIAL DEMOCRATA CRISTÃO,3
2010,1,ZZ,30287,30287,PARIS-FRAN,Presidente,50,PSOL,PARTIDO SOCIALISMO E LIBERDADE,23
2010,1,ZZ,30287,30287,PARIS-FRAN,Presidente,16,PSTU,PARTIDO SOCIALISTA DOS TRABALHADORES UNIFICADO,7
2010,1,ZZ,30287,30287,PARIS-FRAN,Presidente,43,PV,PARTIDO VERDE,462
2010,1,ZZ,30309,30309,PEDRO CABALLERO-PARG,Presidente,45,PSDB,PARTIDO DA SOCIAL DEMOCRACIA BRASILEIRA,38
2010,1,ZZ,30309,30309,PEDRO CABALLERO-PARG,Presidente,13,PT,PARTIDO DOS TRABALHADORES,27
2010,1,ZZ,30309,30309,PEDRO CABALLERO-PARG,Presidente,28,PRTB,PARTIDO RENOVADOR TRABALHISTA BRASILEIRO,1
2010,1,ZZ,30309,30309,PEDRO CABALLERO-PARG,Presidente,43,PV,PARTIDO VERDE,5
2010,1,ZZ,30317,30317,PEQUIM-CHIN,Presidente,45,PSDB,PARTIDO DA SOCIAL DEMOCRACIA BRASILEIRA,25
2010,1,ZZ,30317,30317,PEQUIM-CHIN,Presidente,13,PT,PARTIDO DOS TRABALHADORES,17
2010,1,ZZ,30317,30317,PEQUIM-CHIN,Presidente,21,PCB,PARTIDO COMUNISTA BRASILEIRO,1
2010,1,ZZ,30317,30317,PEQUIM-CHIN,Presidente,50,PSOL,PARTIDO SOCIALISMO E LIBERDADE,1
2010,1,ZZ,30317,30317,PEQUIM-CHIN,Presidente,43,PV,PARTIDO VERDE,12
2010,1,ZZ,30341,30341,PORTO-PORT,Presidente,45,PSDB,PARTIDO DA SOCIAL DEMOCRACIA BRASILEIRA,1009
2010,1,ZZ,30341,30341,PORTO-PORT,Presidente,13,PT,PARTIDO DOS TRABALHADORES,2099
2010,1,ZZ,30341,30341,PORTO-PORT,Presidente,21,PCB,PARTIDO COMUNISTA BRASILEIRO,8
2010,1,ZZ,30341,30341,PORTO-PORT,Presidente,29,PCO,PARTIDO DA CAUSA OPERÁRIA,2
2010,1,ZZ,30341,30341,PORTO-PORT,Presidente,28,PRTB,PARTIDO RENOVADOR TRABALHISTA BRASILEIRO,3
2010,1,ZZ,30341,30341,PORTO-PORT,Presidente,27,PSDC,PARTIDO SOCIAL DEMOCRATA CRISTÃO,7
2010,1,ZZ,30341,30341,PORTO-PORT,Presidente,50,PSOL,PARTIDO SOCIALISMO E LIBERDADE,11
2010,1,ZZ,30341,30341,PORTO-PORT,Presidente,16,PSTU,PARTIDO SOCIALISTA DOS TRABALHADORES UNIFICADO,6
2010,1,ZZ,30341,30341,PORTO-PORT,Presidente,43,PV,PARTIDO VERDE,468
2010,1,ZZ,30350,30350,PRAGA-TCHE,Presidente,45,PSDB,PARTIDO DA SOCIAL DEMOCRACIA BRASILEIRA,23
2010,1,ZZ,30350,30350,PRAGA-TCHE,Presidente,13,PT,PARTIDO DOS TRABALHADORES,24
2010,1,ZZ,30350,30350,PRAGA-TCHE,Presidente,43,PV,PARTIDO VERDE,13
2010,1,ZZ,30368,30368,PRAIA-CABO,Presidente,45,PSDB,PARTIDO DA SOCIAL DEMOCRACIA BRASILEIRA,5
2010,1,ZZ,30368,30368,PRAIA-CABO,Presidente,13,PT,PARTIDO DOS TRABALHADORES,24
2010,1,ZZ,30368,30368,PRAIA-CABO,Presidente,43,PV,PARTIDO VERDE,10
2010,1,ZZ,30376,30376,PRETÓRIA-RAFS,Presidente,45,PSDB,PARTIDO DA SOCIAL DEMOCRACIA BRASILEIRA,72
2010,1,ZZ,30376,30376,PRETÓRIA-RAFS,Presidente,13,PT,PARTIDO DOS TRABALHADORES,62
2010,1,ZZ,30376,30376,PRETÓRIA-RAFS,Presidente,21,PCB,PARTIDO COMUNISTA BRASILEIRO,1
2010,1,ZZ,30376,30376,PRETÓRIA-RAFS,Presidente,28,PRTB,PARTIDO RENOVADOR TRABALHISTA BRASILEIRO,2
2010,1,ZZ,30376,30376,PRETÓRIA-RAFS,Presidente,27,PSDC,PARTIDO SOCIAL DEMOCRATA CRISTÃO,4
2010,1,ZZ,30376,30376,PRETÓRIA-RAFS,Presidente,50,PSOL,PARTIDO SOCIALISMO E LIBERDADE,1
2010,1,ZZ,30376,30376,PRETÓRIA-RAFS,Presidente,16,PSTU,PARTIDO SOCIALISTA DOS TRABALHADORES UNIFICADO,1
2010,1,ZZ,30376,30376,PRETÓRIA-RAFS,Presidente,43,PV,PARTIDO VERDE,44
2010,1,ZZ,30392,30392,QUITO-EQUA,Presidente,45,PSDB,PARTIDO DA SOCIAL DEMOCRACIA BRASILEIRA,94
2010,1,ZZ,30392,30392,QUITO-EQUA,Presidente,13,PT,PARTIDO DOS TRABALHADORES,95
2010,1,ZZ,30392,30392,QUITO-EQUA,Presidente,21,PCB,PARTIDO COMUNISTA BRASILEIRO,1
2010,1,ZZ,30392,30392,QUITO-EQUA,Presidente,27,PSDC,PARTIDO SOCIAL DEMOCRATA CRISTÃO,1
2010,1,ZZ,30392,30392,QUITO-EQUA,Presidente,50,PSOL,PARTIDO SOCIALISMO E LIBERDADE,2
2010,1,ZZ,30392,30392,QUITO-EQUA,Presidente,43,PV,PARTIDO VERDE,22
2010,1,ZZ,30406,30406,RABAT-MARR,Presidente,45,PSDB,PARTIDO DA SOCIAL DEMOCRACIA BRASILEIRA,1
2010,1,ZZ,30406,30406,RABAT-MARR,Presidente,13,PT,PARTIDO DOS TRABALHADORES,9
2010,1,ZZ,30406,30406,RABAT-MARR,Presidente,43,PV,PARTIDO VERDE,4
2010,1,ZZ,30414,30414,RAMALLAH-PALE,Presidente,45,PSDB,PARTIDO DA SOCIAL DEMOCRACIA BRASILEIRA,25
2010,1,ZZ,30414,30414,RAMALLAH-PALE,Presidente,13,PT,PARTIDO DOS TRABALHADORES,341
2010,1,ZZ,30414,30414,RAMALLAH-PALE,Presidente,21,PCB,PARTIDO COMUNISTA BRASILEIRO,6
2010,1,ZZ,30414,30414,RAMALLAH-PALE,Presidente,28,PRTB,PARTIDO RENOVADOR TRABALHISTA BRASILEIRO,8
2010,1,ZZ,30414,30414,RAMALLAH-PALE,Presidente,27,PSDC,PARTIDO SOCIAL DEMOCRATA CRISTÃO,6
2010,1,ZZ,30414,30414,RAMALLAH-PALE,Presidente,50,PSOL,PARTIDO SOCIALISMO E LIBERDADE,2
2010,1,ZZ,30414,30414,RAMALLAH-PALE,Presidente,16,PSTU,PARTIDO SOCIALISTA DOS TRABALHADORES UNIFICADO,17
2010,1,ZZ,30414,30414,RAMALLAH-PALE,Presidente,43,PV,PARTIDO VERDE,13
2010,1,ZZ,30422,30422,RIADE-ARAB,Presidente,45,PSDB,PARTIDO DA SOCIAL DEMOCRACIA BRASILEIRA,16
2010,1,ZZ,30422,30422,RIADE-ARAB,Presidente,13,PT,PARTIDO DOS TRABALHADORES,7
2010,1,ZZ,30422,30422,RIADE-ARAB,Presidente,43,PV,PARTIDO VERDE,3
2010,1,ZZ,30449,30449,ROMA-ITAL,Presidente,45,PSDB,PARTIDO DA SOCIAL DEMOCRACIA BRASILEIRA,612
2010,1,ZZ,30449,30449,ROMA-ITAL,Presidente,13,PT,PARTIDO DOS TRABALHADORES,828
2010,1,ZZ,30449,30449,ROMA-ITAL,Presidente,21,PCB,PARTIDO COMUNISTA BRASILEIRO,5
2010,1,ZZ,30449,30449,ROMA-ITAL,Presidente,29,PCO,PARTIDO DA CAUSA OPERÁRIA,4
2010,1,ZZ,30449,30449,ROMA-ITAL,Presidente,28,PRTB,PARTIDO RENOVADOR TRABALHISTA BRASILEIRO,9
2010,1,ZZ,30449,30449,ROMA-ITAL,Presidente,27,PSDC,PARTIDO SOCIAL DEMOCRATA CRISTÃO,13
2010,1,ZZ,30449,30449,ROMA-ITAL,Presidente,50,PSOL,PARTIDO SOCIALISMO E LIBERDADE,21
2010,1,ZZ,30449,30449,ROMA-ITAL,Presidente,16,PSTU,PARTIDO SOCIALISTA DOS TRABALHADORES UNIFICADO,20
2010,1,ZZ,30449,30449,ROMA-ITAL,Presidente,43,PV,PARTIDO VERDE,365
2010,1,ZZ,30457,30457,ROTERDÃ-HOLA,Presidente,45,PSDB,PARTIDO DA SOCIAL DEMOCRACIA BRASILEIRA,332
2010,1,ZZ,30457,30457,ROTERDÃ-HOLA,Presidente,13,PT,PARTIDO DOS TRABALHADORES,389
2010,1,ZZ,30457,30457,ROTERDÃ-HOLA,Presidente,21,PCB,PARTIDO COMUNISTA BRASILEIRO,2
2010,1,ZZ,30457,30457,ROTERDÃ-HOLA,Presidente,28,PRTB,PARTIDO RENOVADOR TRABALHISTA BRASILEIRO,1
2010,1,ZZ,30457,30457,ROTERDÃ-HOLA,Presidente,27,PSDC,PARTIDO SOCIAL DEMOCRATA CRISTÃO,4
2010,1,ZZ,30457,30457,ROTERDÃ-HOLA,Presidente,50,PSOL,PARTIDO SOCIALISMO E LIBERDADE,5
2010,1,ZZ,30457,30457,ROTERDÃ-HOLA,Presidente,16,PSTU,PARTIDO SOCIALISTA DOS TRABALHADORES UNIFICADO,6
2010,1,ZZ,30457,30457,ROTERDÃ-HOLA,Presidente,43,PV,PARTIDO VERDE,282
2010,1,ZZ,30465,30465,SALTOS DO GUAIRA-PARG,Presidente,45,PSDB,PARTIDO DA SOCIAL DEMOCRACIA BRASILEIRA,50
2010,1,ZZ,30465,30465,SALTOS DO GUAIRA-PARG,Presidente,13,PT,PARTIDO DOS TRABALHADORES,18
2010,1,ZZ,30465,30465,SALTOS DO GUAIRA-PARG,Presidente,43,PV,PARTIDO VERDE,6
2010,1,ZZ,30481,30481,SANTIAGO-CHIL,Presidente,45,PSDB,PARTIDO DA SOCIAL DEMOCRACIA BRASILEIRA,458
2010,1,ZZ,30481,30481,SANTIAGO-CHIL,Presidente,13,PT,PARTIDO DOS TRABALHADORES,345
2010,1,ZZ,30481,30481,SANTIAGO-CHIL,Presidente,21,PCB,PARTIDO COMUNISTA BRASILEIRO,1
2010,1,ZZ,30481,30481,SANTIAGO-CHIL,Presidente,28,PRTB,PARTIDO RENOVADOR TRABALHISTA BRASILEIRO,3
2010,1,ZZ,30481,30481,SANTIAGO-CHIL,Presidente,27,PSDC,PARTIDO SOCIAL DEMOCRATA CRISTÃO,5
2010,1,ZZ,30481,30481,SANTIAGO-CHIL,Presidente,50,PSOL,PARTIDO SOCIALISMO E LIBERDADE,8
2010,1,ZZ,30481,30481,SANTIAGO-CHIL,Presidente,16,PSTU,PARTIDO SOCIALISTA DOS TRABALHADORES UNIFICADO,6
2010,1,ZZ,30481,30481,SANTIAGO-CHIL,Presidente,43,PV,PARTIDO VERDE,124
2010,1,ZZ,30538,30538,SEUL-CORS,Presidente,45,PSDB,PARTIDO DA SOCIAL DEMOCRACIA BRASILEIRA,20
2010,1,ZZ,30538,30538,SEUL-CORS,Presidente,13,PT,PARTIDO DOS TRABALHADORES,6
2010,1,ZZ,30538,30538,SEUL-CORS,Presidente,28,PRTB,PARTIDO RENOVADOR TRABALHISTA BRASILEIRO,1
2010,1,ZZ,30538,30538,SEUL-CORS,Presidente,43,PV,PARTIDO VERDE,2
2010,1,ZZ,30473,30473,STA C LA SIERRA-BOLI,Presidente,45,PSDB,PARTIDO DA SOCIAL DEMOCRACIA BRASILEIRA,394
2010,1,ZZ,30473,30473,STA C LA SIERRA-BOLI,Presidente,13,PT,PARTIDO DOS TRABALHADORES,204
2010,1,ZZ,30473,30473,STA C LA SIERRA-BOLI,Presidente,21,PCB,PARTIDO COMUNISTA BRASILEIRO,4
2010,1,ZZ,30473,30473,STA C LA SIERRA-BOLI,Presidente,28,PRTB,PARTIDO RENOVADOR TRABALHISTA BRASILEIRO,1
2010,1,ZZ,30473,30473,STA C LA SIERRA-BOLI,Presidente,27,PSDC,PARTIDO SOCIAL DEMOCRATA CRISTÃO,7
2010,1,ZZ,30473,30473,STA C LA SIERRA-BOLI,Presidente,50,PSOL,PARTIDO SOCIALISMO E LIBERDADE,4
2010,1,ZZ,30473,30473,STA C LA SIERRA-BOLI,Presidente,16,PSTU,PARTIDO SOCIALISTA DOS TRABALHADORES UNIFICADO,7
2010,1,ZZ,30473,30473,STA C LA SIERRA-BOLI,Presidente,43,PV,PARTIDO VERDE,60
2010,1,ZZ,30554,30554,SUZUKA-JAPA,Presidente,45,PSDB,PARTIDO DA SOCIAL DEMOCRACIA BRASILEIRA,67
2010,1,ZZ,30554,30554,SUZUKA-JAPA,Presidente,13,PT,PARTIDO DOS TRABALHADORES,38
2010,1,ZZ,30554,30554,SUZUKA-JAPA,Presidente,21,PCB,PARTIDO COMUNISTA BRASILEIRO,2
2010,1,ZZ,30554,30554,SUZUKA-JAPA,Presidente,27,PSDC,PARTIDO SOCIAL DEMOCRATA CRISTÃO,2
2010,1,ZZ,30554,30554,SUZUKA-JAPA,Presidente,50,PSOL,PARTIDO SOCIALISMO E LIBERDADE,2
2010,1,ZZ,30554,30554,SUZUKA-JAPA,Presidente,16,PSTU,PARTIDO SOCIALISTA DOS TRABALHADORES UNIFICADO,2
2010,1,ZZ,30554,30554,SUZUKA-JAPA,Presidente,43,PV,PARTIDO VERDE,23
2010,1,ZZ,30562,30562,SYDNEY-AUST,Presidente,45,PSDB,PARTIDO DA SOCIAL DEMOCRACIA BRASILEIRA,234
2010,1,ZZ,30562,30562,SYDNEY-AUST,Presidente,13,PT,PARTIDO DOS TRABALHADORES,95
2010,1,ZZ,30562,30562,SYDNEY-AUST,Presidente,28,PRTB,PARTIDO RENOVADOR TRABALHISTA BRASILEIRO,1
2010,1,ZZ,30562,30562,SYDNEY-AUST,Presidente,27,PSDC,PARTIDO SOCIAL DEMOCRATA CRISTÃO,6
2010,1,ZZ,30562,30562,SYDNEY-AUST,Presidente,50,PSOL,PARTIDO SOCIALISMO E LIBERDADE,3
2010,1,ZZ,30562,30562,SYDNEY-AUST,Presidente,16,PSTU,PARTIDO SOCIALISTA DOS TRABALHADORES UNIFICADO,6
2010,1,ZZ,30562,30562,SYDNEY-AUST,Presidente,43,PV,PARTIDO VERDE,133
2010,1,ZZ,30490,30490,SÃO DOMINGOS-RDOM,Presidente,45,PSDB,PARTIDO DA SOCIAL DEMOCRACIA BRASILEIRA,60
2010,1,ZZ,30490,30490,SÃO DOMINGOS-RDOM,Presidente,13,PT,PARTIDO DOS TRABALHADORES,49
2010,1,ZZ,30490,30490,SÃO DOMINGOS-RDOM,Presidente,50,PSOL,PARTIDO SOCIALISMO E LIBERDADE,1
2010,1,ZZ,30490,30490,SÃO DOMINGOS-RDOM,Presidente,43,PV,PARTIDO VERDE,14
2010,1,ZZ,30503,30503,SÃO FRANCISCO-EUA,Presidente,45,PSDB,PARTIDO DA SOCIAL DEMOCRACIA BRASILEIRA,886
2010,1,ZZ,30503,30503,SÃO FRANCISCO-EUA,Presidente,13,PT,PARTIDO DOS TRABALHADORES,329
2010,1,ZZ,30503,30503,SÃO FRANCISCO-EUA,Presidente,21,PCB,PARTIDO COMUNISTA BRASILEIRO,4
2010,1,ZZ,30503,30503,SÃO FRANCISCO-EUA,Presidente,28,PRTB,PARTIDO RENOVADOR TRABALHISTA BRASILEIRO,1
2010,1,ZZ,30503,30503,SÃO FRANCISCO-EUA,Presidente,27,PSDC,PARTIDO SOCIAL DEMOCRATA CRISTÃO,8
2010,1,ZZ,30503,30503,SÃO FRANCISCO-EUA,Presidente,50,PSOL,PARTIDO SOCIALISMO E LIBERDADE,17
2010,1,ZZ,30503,30503,SÃO FRANCISCO-EUA,Presidente,16,PSTU,PARTIDO SOCIALISTA DOS TRABALHADORES UNIFICADO,3
2010,1,ZZ,30503,30503,SÃO FRANCISCO-EUA,Presidente,43,PV,PARTIDO VERDE,426
2010,1,ZZ,30511,30511,SÃO JOSÉ-RICA,Presidente,45,PSDB,PARTIDO DA SOCIAL DEMOCRACIA BRASILEIRA,131
2010,1,ZZ,30511,30511,SÃO JOSÉ-RICA,Presidente,13,PT,PARTIDO DOS TRABALHADORES,88
2010,1,ZZ,30511,30511,SÃO JOSÉ-RICA,Presidente,21,PCB,PARTIDO COMUNISTA BRASILEIRO,1
2010,1,ZZ,30511,30511,SÃO JOSÉ-RICA,Presidente,50,PSOL,PARTIDO SOCIALISMO E LIBERDADE,7
2010,1,ZZ,30511,30511,SÃO JOSÉ-RICA,Presidente,43,PV,PARTIDO VERDE,60
2010,1,ZZ,30520,30520,SÃO SALVADOR-ELSA,Presidente,45,PSDB,PARTIDO DA SOCIAL DEMOCRACIA BRASILEIRA,21
2010,1,ZZ,30520,30520,SÃO SALVADOR-ELSA,Presidente,13,PT,PARTIDO DOS TRABALHADORES,36
2010,1,ZZ,30520,30520,SÃO SALVADOR-ELSA,Presidente,43,PV,PARTIDO VERDE,10
2010,1,ZZ,30570,30570,TAIPÉ-TAIW,Presidente,45,PSDB,PARTIDO DA SOCIAL DEMOCRACIA BRASILEIRA,24
2010,1,ZZ,30570,30570,TAIPÉ-TAIW,Presidente,13,PT,PARTIDO DOS TRABALHADORES,6
2010,1,ZZ,30570,30570,TAIPÉ-TAIW,Presidente,27,PSDC,PARTIDO SOCIAL DEMOCRATA CRISTÃO,1
2010,1,ZZ,30589,30589,TAKAOKA-JAPA,Presidente,45,PSDB,PARTIDO DA SOCIAL DEMOCRACIA BRASILEIRA,8
2010,1,ZZ,30589,30589,TAKAOKA-JAPA,Presidente,13,PT,PARTIDO DOS TRABALHADORES,5
2010,1,ZZ,30589,30589,TAKAOKA-JAPA,Presidente,43,PV,PARTIDO VERDE,4
2010,1,ZZ,30600,30600,TEGUCIGALPA-HOND,Presidente,45,PSDB,PARTIDO DA SOCIAL DEMOCRACIA BRASILEIRA,49
2010,1,ZZ,30600,30600,TEGUCIGALPA-HOND,Presidente,13,PT,PARTIDO DOS TRABALHADORES,26
2010,1,ZZ,30600,30600,TEGUCIGALPA-HOND,Presidente,21,PCB,PARTIDO COMUNISTA BRASILEIRO,1
2010,1,ZZ,30600,30600,TEGUCIGALPA-HOND,Presidente,27,PSDC,PARTIDO SOCIAL DEMOCRATA CRISTÃO,3
2010,1,ZZ,30600,30600,TEGUCIGALPA-HOND,Presidente,50,PSOL,PARTIDO SOCIALISMO E LIBERDADE,1
2010,1,ZZ,30600,30600,TEGUCIGALPA-HOND,Presidente,16,PSTU,PARTIDO SOCIALISTA DOS TRABALHADORES UNIFICADO,1
2010,1,ZZ,30600,30600,TEGUCIGALPA-HOND,Presidente,43,PV,PARTIDO VERDE,13
2010,1,ZZ,30619,30619,TEL AVIV-ISRA,Presidente,45,PSDB,PARTIDO DA SOCIAL DEMOCRACIA BRASILEIRA,57
2010,1,ZZ,30619,30619,TEL AVIV-ISRA,Presidente,13,PT,PARTIDO DOS TRABALHADORES,17
2010,1,ZZ,30619,30619,TEL AVIV-ISRA,Presidente,27,PSDC,PARTIDO SOCIAL DEMOCRATA CRISTÃO,1
2010,1,ZZ,30619,30619,TEL AVIV-ISRA,Presidente,16,PSTU,PARTIDO SOCIALISTA DOS TRABALHADORES UNIFICADO,1
2010,1,ZZ,30619,30619,TEL AVIV-ISRA,Presidente,43,PV,PARTIDO VERDE,19
2010,1,ZZ,30635,30635,TORONTO-CANA,Presidente,45,PSDB,PARTIDO DA SOCIAL DEMOCRACIA BRASILEIRA,800
2010,1,ZZ,30635,30635,TORONTO-CANA,Presidente,13,PT,PARTIDO DOS TRABALHADORES,415
2010,1,ZZ,30635,30635,TORONTO-CANA,Presidente,21,PCB,PARTIDO COMUNISTA BRASILEIRO,3
2010,1,ZZ,30635,30635,TORONTO-CANA,Presidente,28,PRTB,PARTIDO RENOVADOR TRABALHISTA BRASILEIRO,1
2010,1,ZZ,30635,30635,TORONTO-CANA,Presidente,27,PSDC,PARTIDO SOCIAL DEMOCRATA CRISTÃO,3
2010,1,ZZ,30635,30635,TORONTO-CANA,Presidente,50,PSOL,PARTIDO SOCIALISMO E LIBERDADE,10
2010,1,ZZ,30635,30635,TORONTO-CANA,Presidente,16,PSTU,PARTIDO SOCIALISTA DOS TRABALHADORES UNIFICADO,4
2010,1,ZZ,30635,30635,TORONTO-CANA,Presidente,43,PV,PARTIDO VERDE,390
2010,1,ZZ,30643,30643,TOYOHASHI-JAPA,Presidente,45,PSDB,PARTIDO DA SOCIAL DEMOCRACIA BRASILEIRA,79
2010,1,ZZ,30643,30643,TOYOHASHI-JAPA,Presidente,13,PT,PARTIDO DOS TRABALHADORES,36
2010,1,ZZ,30643,30643,TOYOHASHI-JAPA,Presidente,21,PCB,PARTIDO COMUNISTA BRASILEIRO,1
2010,1,ZZ,30643,30643,TOYOHASHI-JAPA,Presidente,27,PSDC,PARTIDO SOCIAL DEMOCRATA CRISTÃO,1
2010,1,ZZ,30643,30643,TOYOHASHI-JAPA,Presidente,16,PSTU,PARTIDO SOCIALISTA DOS TRABALHADORES UNIFICADO,2
2010,1,ZZ,30643,30643,TOYOHASHI-JAPA,Presidente,43,PV,PARTIDO VERDE,24
2010,1,ZZ,30708,30708,TUNIS-TUNI,Presidente,45,PSDB,PARTIDO DA SOCIAL DEMOCRACIA BRASILEIRA,7
2010,1,ZZ,30708,30708,TUNIS-TUNI,Presidente,13,PT,PARTIDO DOS TRABALHADORES,2
2010,1,ZZ,30708,30708,TUNIS-TUNI,Presidente,27,PSDC,PARTIDO SOCIAL DEMOCRATA CRISTÃO,1
2010,1,ZZ,30708,30708,TUNIS-TUNI,Presidente,43,PV,PARTIDO VERDE,8
2010,1,ZZ,30627,30627,TÓQUIO-JAPA,Presidente,45,PSDB,PARTIDO DA SOCIAL DEMOCRACIA BRASILEIRA,812
2010,1,ZZ,30627,30627,TÓQUIO-JAPA,Presidente,13,PT,PARTIDO DOS TRABALHADORES,403
2010,1,ZZ,30627,30627,TÓQUIO-JAPA,Presidente,21,PCB,PARTIDO COMUNISTA BRASILEIRO,9
2010,1,ZZ,30627,30627,TÓQUIO-JAPA,Presidente,28,PRTB,PARTIDO RENOVADOR TRABALHISTA BRASILEIRO,8
2010,1,ZZ,30627,30627,TÓQUIO-JAPA,Presidente,27,PSDC,PARTIDO SOCIAL DEMOCRATA CRISTÃO,14
2010,1,ZZ,30627,30627,TÓQUIO-JAPA,Presidente,50,PSOL,PARTIDO SOCIALISMO E LIBERDADE,7
2010,1,ZZ,30627,30627,TÓQUIO-JAPA,Presidente,16,PSTU,PARTIDO SOCIALISTA DOS TRABALHADORES UNIFICADO,19
2010,1,ZZ,30627,30627,TÓQUIO-JAPA,Presidente,43,PV,PARTIDO VERDE,178
2010,1,ZZ,30724,30724,UEDA-JAPA,Presidente,45,PSDB,PARTIDO DA SOCIAL DEMOCRACIA BRASILEIRA,202
2010,1,ZZ,30724,30724,UEDA-JAPA,Presidente,13,PT,PARTIDO DOS TRABALHADORES,122
2010,1,ZZ,30724,30724,UEDA-JAPA,Presidente,21,PCB,PARTIDO COMUNISTA BRASILEIRO,2
2010,1,ZZ,30724,30724,UEDA-JAPA,Presidente,28,PRTB,PARTIDO RENOVADOR TRABALHISTA BRASILEIRO,1
2010,1,ZZ,30724,30724,UEDA-JAPA,Presidente,27,PSDC,PARTIDO SOCIAL DEMOCRATA CRISTÃO,1
2010,1,ZZ,30724,30724,UEDA-JAPA,Presidente,50,PSOL,PARTIDO SOCIALISMO E LIBERDADE,3
2010,1,ZZ,30724,30724,UEDA-JAPA,Presidente,16,PSTU,PARTIDO SOCIALISTA DOS TRABALHADORES UNIFICADO,10
2010,1,ZZ,30724,30724,UEDA-JAPA,Presidente,43,PV,PARTIDO VERDE,42
2010,1,ZZ,39063,39063,VANCOUVER-CANA,Presidente,45,PSDB,PARTIDO DA SOCIAL DEMOCRACIA BRASILEIRA,162
2010,1,ZZ,39063,39063,VANCOUVER-CANA,Presidente,13,PT,PARTIDO DOS TRABALHADORES,85
2010,1,ZZ,39063,39063,VANCOUVER-CANA,Presidente,28,PRTB,PARTIDO RENOVADOR TRABALHISTA BRASILEIRO,1
2010,1,ZZ,39063,39063,VANCOUVER-CANA,Presidente,27,PSDC,PARTIDO SOCIAL DEMOCRATA CRISTÃO,2
2010,1,ZZ,39063,39063,VANCOUVER-CANA,Presidente,50,PSOL,PARTIDO SOCIALISMO E LIBERDADE,2
2010,1,ZZ,39063,39063,VANCOUVER-CANA,Presidente,43,PV,PARTIDO VERDE,91
2010,1,ZZ,30740,30740,VARSÓVIA-POLO,Presidente,45,PSDB,PARTIDO DA SOCIAL DEMOCRACIA BRASILEIRA,16
2010,1,ZZ,30740,30740,VARSÓVIA-POLO,Presidente,13,PT,PARTIDO DOS TRABALHADORES,17
2010,1,ZZ,30740,30740,VARSÓVIA-POLO,Presidente,50,PSOL,PARTIDO SOCIALISMO E LIBERDADE,1
2010,1,ZZ,30740,30740,VARSÓVIA-POLO,Presidente,43,PV,PARTIDO VERDE,15
2010,1,ZZ,30767,30767,VIENA-OSTE,Presidente,45,PSDB,PARTIDO DA SOCIAL DEMOCRACIA BRASILEIRA,168
2010,1,ZZ,30767,30767,VIENA-OSTE,Presidente,13,PT,PARTIDO DOS TRABALHADORES,147
2010,1,ZZ,30767,30767,VIENA-OSTE,Presidente,21,PCB,PARTIDO COMUNISTA BRASILEIRO,2
2010,1,ZZ,30767,30767,VIENA-OSTE,Presidente,28,PRTB,PARTIDO RENOVADOR TRABALHISTA BRASILEIRO,2
2010,1,ZZ,30767,30767,VIENA-OSTE,Presidente,27,PSDC,PARTIDO SOCIAL DEMOCRATA CRISTÃO,3
2010,1,ZZ,30767,30767,VIENA-OSTE,Presidente,50,PSOL,PARTIDO SOCIALISMO E LIBERDADE,7
2010,1,ZZ,30767,30767,VIENA-OSTE,Presidente,16,PSTU,PARTIDO SOCIALISTA DOS TRABALHADORES UNIFICADO,1
2010,1,ZZ,30767,30767,VIENA-OSTE,Presidente,43,PV,PARTIDO VERDE,118
2010,1,ZZ,30783,30783,WASHINGTON-EUA,Presidente,45,PSDB,PARTIDO DA SOCIAL DEMOCRACIA BRASILEIRA,1312
2010,1,ZZ,30783,30783,WASHINGTON-EUA,Presidente,13,PT,PARTIDO DOS TRABALHADORES,536
2010,1,ZZ,30783,30783,WASHINGTON-EUA,Presidente,21,PCB,PARTIDO COMUNISTA BRASILEIRO,5
2010,1,ZZ,30783,30783,WASHINGTON-EUA,Presidente,29,PCO,PARTIDO DA CAUSA OPERÁRIA,4
2010,1,ZZ,30783,30783,WASHINGTON-EUA,Presidente,28,PRTB,PARTIDO RENOVADOR TRABALHISTA BRASILEIRO,8
2010,1,ZZ,30783,30783,WASHINGTON-EUA,Presidente,27,PSDC,PARTIDO SOCIAL DEMOCRATA CRISTÃO,16
2010,1,ZZ,30783,30783,WASHINGTON-EUA,Presidente,50,PSOL,PARTIDO SOCIALISMO E LIBERDADE,15
2010,1,ZZ,30783,30783,WASHINGTON-EUA,Presidente,16,PSTU,PARTIDO SOCIALISTA DOS TRABALHADORES UNIFICADO,11
2010,1,ZZ,30783,30783,WASHINGTON-EUA,Presidente,43,PV,PARTIDO VERDE,627
2010,1,ZZ,30805,30805,WELLINGTON-NZEL,Presidente,45,PSDB,PARTIDO DA SOCIAL DEMOCRACIA BRASILEIRA,22
2010,1,ZZ,30805,30805,WELLINGTON-NZEL,Presidente,13,PT,PARTIDO DOS TRABALHADORES,9
2010,1,ZZ,30805,30805,WELLINGTON-NZEL,Presidente,50,PSOL,PARTIDO SOCIALISMO E LIBERDADE,2
2010,1,ZZ,30805,30805,WELLINGTON-NZEL,Presidente,16,PSTU,PARTIDO SOCIALISTA DOS TRABALHADORES UNIFICADO,1
2010,1,ZZ,30805,30805,WELLINGTON-NZEL,Presidente,43,PV,PARTIDO VERDE,14
2010,1,ZZ,30848,30848,XANGAI-CHIN,Presidente,45,PSDB,PARTIDO DA SOCIAL DEMOCRACIA BRASILEIRA,84
2010,1,ZZ,30848,30848,XANGAI-CHIN,Presidente,13,PT,PARTIDO DOS TRABALHADORES,22
2010,1,ZZ,30848,30848,XANGAI-CHIN,Presidente,21,PCB,PARTIDO COMUNISTA BRASILEIRO,1
2010,1,ZZ,30848,30848,XANGAI-CHIN,Presidente,50,PSOL,PARTIDO SOCIALISMO E LIBERDADE,3
2010,1,ZZ,30848,30848,XANGAI-CHIN,Presidente,16,PSTU,PARTIDO SOCIALISTA DOS TRABALHADORES UNIFICADO,1
2010,1,ZZ,30848,30848,XANGAI-CHIN,Presidente,43,PV,PARTIDO VERDE,24
2010,1,ZZ,30864,30864,ZURIQUE-SUIC,Presidente,45,PSDB,PARTIDO DA SOCIAL DEMOCRACIA BRASILEIRA,897
2010,1,ZZ,30864,30864,ZURIQUE-SUIC,Presidente,13,PT,PARTIDO DOS TRABALHADORES,1177
2010,1,ZZ,30864,30864,ZURIQUE-SUIC,Presidente,21,PCB,PARTIDO COMUNISTA BRASILEIRO,9
2010,1,ZZ,30864,30864,ZURIQUE-SUIC,Presidente,29,PCO,PARTIDO DA CAUSA OPERÁRIA,2
2010,1,ZZ,30864,30864,ZURIQUE-SUIC,Presidente,28,PRTB,PARTIDO RENOVADOR TRABALHISTA BRASILEIRO,10
2010,1,ZZ,30864,30864,ZURIQUE-SUIC,Presidente,27,PSDC,PARTIDO SOCIAL DEMOCRATA CRISTÃO,23
2010,1,ZZ,30864,30864,ZURIQUE-SUIC,Presidente,50,PSOL,PARTIDO SOCIALISMO E LIBERDADE,25
2010,1,ZZ,30864,30864,ZURIQUE-SUIC,Presidente,16,PSTU,PARTIDO SOCIALISTA DOS TRABALHADORES UNIFICADO,22
2010,1,ZZ,30864,30864,ZURIQUE-SUIC,Presidente,43,PV,PARTIDO VERDE,732
2010,2,ZZ,29254,29254,ABIDJAN-COTE,Presidente,45,PSDB,PARTIDO DA SOCIAL DEMOCRACIA BRASILEIRA,6
2010,2,ZZ,29254,29254,ABIDJAN-COTE,Presidente,13,PT,PARTIDO DOS TRABALHADORES,30
2010,2,ZZ,29262,29262,ABU DHABI-EAU,Presidente,45,PSDB,PARTIDO DA SOCIAL DEMOCRACIA BRASILEIRA,19
2010,2,ZZ,29262,29262,ABU DHABI-EAU,Presidente,13,PT,PARTIDO DOS TRABALHADORES,16
2010,2,ZZ,29289,29289,AMÃ-JORD,Presidente,45,PSDB,PARTIDO DA SOCIAL DEMOCRACIA BRASILEIRA,40
2010,2,ZZ,29289,29289,AMÃ-JORD,Presidente,13,PT,PARTIDO DOS TRABALHADORES,100
2010,2,ZZ,29297,29297,ANCARA-TURQ,Presidente,45,PSDB,PARTIDO DA SOCIAL DEMOCRACIA BRASILEIRA,7
2010,2,ZZ,29297,29297,ANCARA-TURQ,Presidente,13,PT,PARTIDO DOS TRABALHADORES,4
2010,2,ZZ,29300,29300,ARGEL-ARGL,Presidente,45,PSDB,PARTIDO DA SOCIAL DEMOCRACIA BRASILEIRA,9
2010,2,ZZ,29300,29300,ARGEL-ARGL,Presidente,13,PT,PARTIDO DOS TRABALHADORES,9
2010,2,ZZ,29327,29327,ASSUNÇÃO-PARG,Presidente,45,PSDB,PARTIDO DA SOCIAL DEMOCRACIA BRASILEIRA,431
2010,2,ZZ,29327,29327,ASSUNÇÃO-PARG,Presidente,13,PT,PARTIDO DOS TRABALHADORES,271
2010,2,ZZ,29335,29335,ATENAS-GREC,Presidente,45,PSDB,PARTIDO DA SOCIAL DEMOCRACIA BRASILEIRA,86
2010,2,ZZ,29335,29335,ATENAS-GREC,Presidente,13,PT,PARTIDO DOS TRABALHADORES,93
2010,2,ZZ,39080,39080,ATLANTA-EUA,Presidente,45,PSDB,PARTIDO DA SOCIAL DEMOCRACIA BRASILEIRA,526
2010,2,ZZ,39080,39080,ATLANTA-EUA,Presidente,13,PT,PARTIDO DOS TRABALHADORES,160
2010,2,ZZ,29343,29343,BANGKOK-TAIL,Presidente,45,PSDB,PARTIDO DA SOCIAL DEMOCRACIA BRASILEIRA,31
2010,2,ZZ,29343,29343,BANGKOK-TAIL,Presidente,13,PT,PARTIDO DOS TRABALHADORES,10
2010,2,ZZ,29351,29351,BARCELONA-ESPA,Presidente,45,PSDB,PARTIDO DA SOCIAL DEMOCRACIA BRASILEIRA,290
2010,2,ZZ,29351,29351,BARCELONA-ESPA,Presidente,13,PT,PARTIDO DOS TRABALHADORES,327
2010,2,ZZ,29360,29360,BEIRUTE-LBAN,Presidente,45,PSDB,PARTIDO DA SOCIAL DEMOCRACIA BRASILEIRA,205
2010,2,ZZ,29360,29360,BEIRUTE-LBAN,Presidente,13,PT,PARTIDO DOS TRABALHADORES,394
2010,2,ZZ,29378,29378,BELGRADO-SERV,Presidente,45,PSDB,PARTIDO DA SOCIAL DEMOCRACIA BRASILEIRA,12
2010,2,ZZ,29378,29378,BELGRADO-SERV,Presidente,13,PT,PARTIDO DOS TRABALHADORES,13
2010,2,ZZ,29386,29386,BERLIM-RFA,Presidente,45,PSDB,PARTIDO DA SOCIAL DEMOCRACIA BRASILEIRA,343
2010,2,ZZ,29386,29386,BERLIM-RFA,Presidente,13,PT,PARTIDO DOS TRABALHADORES,371
2010,2,ZZ,29394,29394,BISSAU-GUIB,Presidente,45,PSDB,PARTIDO DA SOCIAL DEMOCRACIA BRASILEIRA,25
2010,2,ZZ,29394,29394,BISSAU-GUIB,Presidente,13,PT,PARTIDO DOS TRABALHADORES,25
2010,2,ZZ,29408,29408,BOGOTÁ-COLO,Presidente,45,PSDB,PARTIDO DA SOCIAL DEMOCRACIA BRASILEIRA,143
2010,2,ZZ,29408,29408,BOGOTÁ-COLO,Presidente,13,PT,PARTIDO DOS TRABALHADORES,98
2010,2,ZZ,29416,29416,BOSTON-EUA,Presidente,45,PSDB,PARTIDO DA SOCIAL DEMOCRACIA BRASILEIRA,3298
2010,2,ZZ,29416,29416,BOSTON-EUA,Presidente,13,PT,PARTIDO DOS TRABALHADORES,2040
2010,2,ZZ,39187,39187,BRAZZAVILLE-CONG,Presidente,45,PSDB,PARTIDO DA SOCIAL DEMOCRACIA BRASILEIRA,6
2010,2,ZZ,39187,39187,BRAZZAVILLE-CONG,Presidente,13,PT,PARTIDO DOS TRABALHADORES,5
2010,2,ZZ,29432,29432,BRUXELAS-BELG,Presidente,45,PSDB,PARTIDO DA SOCIAL DEMOCRACIA BRASILEIRA,456
2010,2,ZZ,29432,29432,BRUXELAS-BELG,Presidente,13,PT,PARTIDO DOS TRABALHADORES,518
2010,2,ZZ,29440,29440,BUCARESTE-ROME,Presidente,45,PSDB,PARTIDO DA SOCIAL DEMOCRACIA BRASILEIRA,23
2010,2,ZZ,29440,29440,BUCARESTE-ROME,Presidente,13,PT,PARTIDO DOS TRABALHADORES,3
2010,2,ZZ,29459,29459,BUDAPESTE-HUNG,Presidente,45,PSDB,PARTIDO DA SOCIAL DEMOCRACIA BRASILEIRA,30
2010,2,ZZ,29459,29459,BUDAPESTE-HUNG,Presidente,13,PT,PARTIDO DOS TRABALHADORES,26
2010,2,ZZ,29467,29467,BUENOS AIRES-ARGT,Presidente,45,PSDB,PARTIDO DA SOCIAL DEMOCRACIA BRASILEIRA,748
2010,2,ZZ,29467,29467,BUENOS AIRES-ARGT,Presidente,13,PT,PARTIDO DOS TRABALHADORES,1297
2010,2,ZZ,29475,29475,CAIENA-GUIF,Presidente,45,PSDB,PARTIDO DA SOCIAL DEMOCRACIA BRASILEIRA,665
2010,2,ZZ,29475,29475,CAIENA-GUIF,Presidente,13,PT,PARTIDO DOS TRABALHADORES,986
2010,2,ZZ,29483,29483,CAIRO-EGIT,Presidente,45,PSDB,PARTIDO DA SOCIAL DEMOCRACIA BRASILEIRA,14
2010,2,ZZ,29483,29483,CAIRO-EGIT,Presidente,13,PT,PARTIDO DOS TRABALHADORES,27
2010,2,ZZ,29491,29491,CAMBERRA-AUST,Presidente,45,PSDB,PARTIDO DA SOCIAL DEMOCRACIA BRASILEIRA,36
2010,2,ZZ,29491,29491,CAMBERRA-AUST,Presidente,13,PT,PARTIDO DOS TRABALHADORES,25
2010,2,ZZ,29505,29505,CARACAS-VENE,Presidente,45,PSDB,PARTIDO DA SOCIAL DEMOCRACIA BRASILEIRA,275
2010,2,ZZ,29505,29505,CARACAS-VENE,Presidente,13,PT,PARTIDO DOS TRABALHADORES,173
2010,2,ZZ,29513,29513,CHICAGO-EUA,Presidente,45,PSDB,PARTIDO DA SOCIAL DEMOCRACIA BRASILEIRA,386
2010,2,ZZ,29513,29513,CHICAGO-EUA,Presidente,13,PT,PARTIDO DOS TRABALHADORES,97
2010,2,ZZ,29530,29530,CIDADE DO CABO-RAFS,Presidente,45,PSDB,PARTIDO DA SOCIAL DEMOCRACIA BRASILEIRA,49
2010,2,ZZ,29530,29530,CIDADE DO CABO-RAFS,Presidente,13,PT,PARTIDO DOS TRABALHADORES,16
2010,2,ZZ,29548,29548,CINGAPURA-CING,Presidente,45,PSDB,PARTIDO DA SOCIAL DEMOCRACIA BRASILEIRA,133
2010,2,ZZ,29548,29548,CINGAPURA-CING,Presidente,13,PT,PARTIDO DOS TRABALHADORES,17
2010,2,ZZ,29556,29556,CIUDAD DEL ESTE-PARG,Presidente,45,PSDB,PARTIDO DA SOCIAL DEMOCRACIA BRASILEIRA,783
2010,2,ZZ,29556,29556,CIUDAD DEL ESTE-PARG,Presidente,13,PT,PARTIDO DOS TRABALHADORES,545
2010,2,ZZ,29564,29564,CIUDAD GUAYANA-VENE,Presidente,45,PSDB,PARTIDO DA SOCIAL DEMOCRACIA BRASILEIRA,30
2010,2,ZZ,29564,29564,CIUDAD GUAYANA-VENE,Presidente,13,PT,PARTIDO DOS TRABALHADORES,32
2010,2,ZZ,29572,29572,COCHABAMBA-BOLI,Presidente,45,PSDB,PARTIDO DA SOCIAL DEMOCRACIA BRASILEIRA,64
2010,2,ZZ,29572,29572,COCHABAMBA-BOLI,Presidente,13,PT,PARTIDO DOS TRABALHADORES,51
2010,2,ZZ,29580,29580,CONCEPCIÓN-PARG,Presidente,45,PSDB,PARTIDO DA SOCIAL DEMOCRACIA BRASILEIRA,13
2010,2,ZZ,29580,29580,CONCEPCIÓN-PARG,Presidente,13,PT,PARTIDO DOS TRABALHADORES,13
2010,2,ZZ,29599,29599,COPENHAGUE-DINA,Presidente,45,PSDB,PARTIDO DA SOCIAL DEMOCRACIA BRASILEIRA,113
2010,2,ZZ,29599,29599,COPENHAGUE-DINA,Presidente,13,PT,PARTIDO DOS TRABALHADORES,149
2010,2,ZZ,29602,29602,CÓRDOBA-ARGT,Presidente,45,PSDB,PARTIDO DA SOCIAL DEMOCRACIA BRASILEIRA,39
2010,2,ZZ,29602,29602,CÓRDOBA-ARGT,Presidente,13,PT,PARTIDO DOS TRABALHADORES,110
2010,2,ZZ,29610,29610,DACAR-SENE,Presidente,45,PSDB,PARTIDO DA SOCIAL DEMOCRACIA BRASILEIRA,24
2010,2,ZZ,29610,29610,DACAR-SENE,Presidente,13,PT,PARTIDO DOS TRABALHADORES,15
2010,2,ZZ,29637,29637,DAMASCO-SIRI,Presidente,45,PSDB,PARTIDO DA SOCIAL DEMOCRACIA BRASILEIRA,18
2010,2,ZZ,29637,29637,DAMASCO-SIRI,Presidente,13,PT,PARTIDO DOS TRABALHADORES,37
2010,2,ZZ,29645,29645,DILI-TIML,Presidente,45,PSDB,PARTIDO DA SOCIAL DEMOCRACIA BRASILEIRA,21
2010,2,ZZ,29645,29645,DILI-TIML,Presidente,13,PT,PARTIDO DOS TRABALHADORES,44
2010,2,ZZ,29653,29653,DOHA-CATA,Presidente,45,PSDB,PARTIDO DA SOCIAL DEMOCRACIA BRASILEIRA,35
2010,2,ZZ,29653,29653,DOHA-CATA,Presidente,13,PT,PARTIDO DOS TRABALHADORES,18
2010,2,ZZ,30880,30880,DONGGUAN-CHIN,Presidente,45,PSDB,PARTIDO DA SOCIAL DEMOCRACIA BRASILEIRA,14
2010,2,ZZ,30880,30880,DONGGUAN-CHIN,Presidente,13,PT,PARTIDO DOS TRABALHADORES,6
2010,2,ZZ,29661,29661,DUBLIN-IRLS,Presidente,45,PSDB,PARTIDO DA SOCIAL DEMOCRACIA BRASILEIRA,66
2010,2,ZZ,29661,29661,DUBLIN-IRLS,Presidente,13,PT,PARTIDO DOS TRABALHADORES,37
2010,2,ZZ,29670,29670,ENCARNACIÓN-PARG,Presidente,45,PSDB,PARTIDO DA SOCIAL DEMOCRACIA BRASILEIRA,23
2010,2,ZZ,29670,29670,ENCARNACIÓN-PARG,Presidente,13,PT,PARTIDO DOS TRABALHADORES,36
2010,2,ZZ,29688,29688,ESTOCOLMO-SUEC,Presidente,45,PSDB,PARTIDO DA SOCIAL DEMOCRACIA BRASILEIRA,259
2010,2,ZZ,29688,29688,ESTOCOLMO-SUEC,Presidente,13,PT,PARTIDO DOS TRABALHADORES,315
2010,2,ZZ,29696,29696,FRANKFURT-RFA,Presidente,45,PSDB,PARTIDO DA SOCIAL DEMOCRACIA BRASILEIRA,613
2010,2,ZZ,29696,29696,FRANKFURT-RFA,Presidente,13,PT,PARTIDO DOS TRABALHADORES,449
2010,2,ZZ,29700,29700,GENEBRA-SUIC,Presidente,45,PSDB,PARTIDO DA SOCIAL DEMOCRACIA BRASILEIRA,438
2010,2,ZZ,29700,29700,GENEBRA-SUIC,Presidente,13,PT,PARTIDO DOS TRABALHADORES,375
2010,2,ZZ,29718,29718,GEORGETOWN-GUIA,Presidente,45,PSDB,PARTIDO DA SOCIAL DEMOCRACIA BRASILEIRA,16
2010,2,ZZ,29718,29718,GEORGETOWN-GUIA,Presidente,13,PT,PARTIDO DOS TRABALHADORES,11
2010,2,ZZ,29726,29726,GUATEMALA-GUAT,Presidente,45,PSDB,PARTIDO DA SOCIAL DEMOCRACIA BRASILEIRA,61
2010,2,ZZ,29726,29726,GUATEMALA-GUAT,Presidente,13,PT,PARTIDO DOS TRABALHADORES,30
2010,2,ZZ,29742,29742,HAMAMATSU-JAPA,Presidente,45,PSDB,PARTIDO DA SOCIAL DEMOCRACIA BRASILEIRA,232
2010,2,ZZ,29742,29742,HAMAMATSU-JAPA,Presidente,13,PT,PARTIDO DOS TRABALHADORES,100
2010,2,ZZ,30902,30902,HARTFORD-EUA,Presidente,45,PSDB,PARTIDO DA SOCIAL DEMOCRACIA BRASILEIRA,142
2010,2,ZZ,30902,30902,HARTFORD-EUA,Presidente,13,PT,PARTIDO DOS TRABALHADORES,74
2010,2,ZZ,29777,29777,HAVANA-CUBA,Presidente,45,PSDB,PARTIDO DA SOCIAL DEMOCRACIA BRASILEIRA,6
2010,2,ZZ,29777,29777,HAVANA-CUBA,Presidente,13,PT,PARTIDO DOS TRABALHADORES,248
2010,2,ZZ,29785,29785,HELSINQUE-FINL,Presidente,45,PSDB,PARTIDO DA SOCIAL DEMOCRACIA BRASILEIRA,61
2010,2,ZZ,29785,29785,HELSINQUE-FINL,Presidente,13,PT,PARTIDO DOS TRABALHADORES,53
2010,2,ZZ,29793,29793,HONG KONG-HONG,Presidente,45,PSDB,PARTIDO DA SOCIAL DEMOCRACIA BRASILEIRA,49
2010,2,ZZ,29793,29793,HONG KONG-HONG,Presidente,13,PT,PARTIDO DOS TRABALHADORES,24
2010,2,ZZ,29807,29807,HOUSTON-EUA,Presidente,45,PSDB,PARTIDO DA SOCIAL DEMOCRACIA BRASILEIRA,1146
2010,2,ZZ,29807,29807,HOUSTON-EUA,Presidente,13,PT,PARTIDO DOS TRABALHADORES,270
2010,2,ZZ,29840,29840,JACARTA-INDO,Presidente,45,PSDB,PARTIDO DA SOCIAL DEMOCRACIA BRASILEIRA,8
2010,2,ZZ,29866,29866,KINGSTON-JAMA,Presidente,45,PSDB,PARTIDO DA SOCIAL DEMOCRACIA BRASILEIRA,4
2010,2,ZZ,29866,29866,KINGSTON-JAMA,Presidente,13,PT,PARTIDO DOS TRABALHADORES,19
2010,2,ZZ,29874,29874,KINSHASA-RCON,Presidente,45,PSDB,PARTIDO DA SOCIAL DEMOCRACIA BRASILEIRA,8
2010,2,ZZ,29874,29874,KINSHASA-RCON,Presidente,13,PT,PARTIDO DOS TRABALHADORES,7
2010,2,ZZ,29882,29882,KUAITE-KUAI,Presidente,45,PSDB,PARTIDO DA SOCIAL DEMOCRACIA BRASILEIRA,11
2010,2,ZZ,29882,29882,KUAITE-KUAI,Presidente,13,PT,PARTIDO DOS TRABALHADORES,10
2010,2,ZZ,29890,29890,KUALA LUMPUR-MALA,Presidente,45,PSDB,PARTIDO DA SOCIAL DEMOCRACIA BRASILEIRA,20
2010,2,ZZ,29890,29890,KUALA LUMPUR-MALA,Presidente,13,PT,PARTIDO DOS TRABALHADORES,12
2010,2,ZZ,29904,29904,LA PAZ-BOLI,Presidente,45,PSDB,PARTIDO DA SOCIAL DEMOCRACIA BRASILEIRA,106
2010,2,ZZ,29904,29904,LA PAZ-BOLI,Presidente,13,PT,PARTIDO DOS TRABALHADORES,70
2010,2,ZZ,29912,29912,LAGOS-NIGR,Presidente,45,PSDB,PARTIDO DA SOCIAL DEMOCRACIA BRASILEIRA,19
2010,2,ZZ,29912,29912,LAGOS-NIGR,Presidente,13,PT,PARTIDO DOS TRABALHADORES,13
2010,2,ZZ,29939,29939,LIBREVILLE-GABA,Presidente,45,PSDB,PARTIDO DA SOCIAL DEMOCRACIA BRASILEIRA,2
2010,2,ZZ,29939,29939,LIBREVILLE-GABA,Presidente,13,PT,PARTIDO DOS TRABALHADORES,19
2010,2,ZZ,29947,29947,LIMA-PERU,Presidente,45,PSDB,PARTIDO DA SOCIAL DEMOCRACIA BRASILEIRA,250
2010,2,ZZ,29947,29947,LIMA-PERU,Presidente,13,PT,PARTIDO DOS TRABALHADORES,128
2010,2,ZZ,29955,29955,LISBOA-PORT,Presidente,45,PSDB,PARTIDO DA SOCIAL DEMOCRACIA BRASILEIRA,1667
2010,2,ZZ,29955,29955,LISBOA-PORT,Presidente,13,PT,PARTIDO DOS TRABALHADORES,2289
2010,2,ZZ,29971,29971,LONDRES-GBRE,Presidente,45,PSDB,PARTIDO DA SOCIAL DEMOCRACIA BRASILEIRA,1783
2010,2,ZZ,29971,29971,LONDRES-GBRE,Presidente,13,PT,PARTIDO DOS TRABALHADORES,1299
2010,2,ZZ,29980,29980,LOS ANGELES-EUA,Presidente,45,PSDB,PARTIDO DA SOCIAL DEMOCRACIA BRASILEIRA,937
2010,2,ZZ,29980,29980,LOS ANGELES-EUA,Presidente,13,PT,PARTIDO DOS TRABALHADORES,268
2010,2,ZZ,29998,29998,LUANDA-ANGO,Presidente,45,PSDB,PARTIDO DA SOCIAL DEMOCRACIA BRASILEIRA,67
2010,2,ZZ,29998,29998,LUANDA-ANGO,Presidente,13,PT,PARTIDO DOS TRABALHADORES,78
2010,2,ZZ,30066,30066,MADRI-ESPA,Presidente,45,PSDB,PARTIDO DA SOCIAL DEMOCRACIA BRASILEIRA,537
2010,2,ZZ,30066,30066,MADRI-ESPA,Presidente,13,PT,PARTIDO DOS TRABALHADORES,697
2010,2,ZZ,30082,30082,MANILA-FILI,Presidente,45,PSDB,PARTIDO DA SOCIAL DEMOCRACIA BRASILEIRA,5
2010,2,ZZ,30082,30082,MANILA-FILI,Presidente,13,PT,PARTIDO DOS TRABALHADORES,18
2010,2,ZZ,30074,30074,MANÁGUA-NICA,Presidente,45,PSDB,PARTIDO DA SOCIAL DEMOCRACIA BRASILEIRA,35
2010,2,ZZ,30074,30074,MANÁGUA-NICA,Presidente,13,PT,PARTIDO DOS TRABALHADORES,50
2010,2,ZZ,30090,30090,MAPUTO-MOÇA,Presidente,45,PSDB,PARTIDO DA SOCIAL DEMOCRACIA BRASILEIRA,79
2010,2,ZZ,30090,30090,MAPUTO-MOÇA,Presidente,13,PT,PARTIDO DOS TRABALHADORES,107
2010,2,ZZ,39004,39004,MENDONZA-ARGT,Presidente,45,PSDB,PARTIDO DA SOCIAL DEMOCRACIA BRASILEIRA,28
2010,2,ZZ,39004,39004,MENDONZA-ARGT,Presidente,13,PT,PARTIDO DOS TRABALHADORES,48
2010,2,ZZ,30112,30112,MIAMI-EUA,Presidente,45,PSDB,PARTIDO DA SOCIAL DEMOCRACIA BRASILEIRA,3340
2010,2,ZZ,30112,30112,MIAMI-EUA,Presidente,13,PT,PARTIDO DOS TRABALHADORES,692
2010,2,ZZ,30120,30120,MILÃO-ITAL,Presidente,45,PSDB,PARTIDO DA SOCIAL DEMOCRACIA BRASILEIRA,1429
2010,2,ZZ,30120,30120,MILÃO-ITAL,Presidente,13,PT,PARTIDO DOS TRABALHADORES,1899
2010,2,ZZ,30139,30139,MITSUKAIDO-JAPA,Presidente,45,PSDB,PARTIDO DA SOCIAL DEMOCRACIA BRASILEIRA,293
2010,2,ZZ,30139,30139,MITSUKAIDO-JAPA,Presidente,13,PT,PARTIDO DOS TRABALHADORES,103
2010,2,ZZ,30147,30147,MONTEVIDÉU-URUG,Presidente,45,PSDB,PARTIDO DA SOCIAL DEMOCRACIA BRASILEIRA,389
2010,2,ZZ,30147,30147,MONTEVIDÉU-URUG,Presidente,13,PT,PARTIDO DOS TRABALHADORES,413
2010,2,ZZ,30155,30155,MONTREAL-CANA,Presidente,45,PSDB,PARTIDO DA SOCIAL DEMOCRACIA BRASILEIRA,954
2010,2,ZZ,30155,30155,MONTREAL-CANA,Presidente,13,PT,PARTIDO DOS TRABALHADORES,548
2010,2,ZZ,30163,30163,MOSCOU-RUSS,Presidente,45,PSDB,PARTIDO DA SOCIAL DEMOCRACIA BRASILEIRA,23
2010,2,ZZ,30163,30163,MOSCOU-RUSS,Presidente,13,PT,PARTIDO DOS TRABALHADORES,12
2010,2,ZZ,30180,30180,MUNIQUE-RFA,Presidente,45,PSDB,PARTIDO DA SOCIAL DEMOCRACIA BRASILEIRA,638
2010,2,ZZ,30180,30180,MUNIQUE-RFA,Presidente,13,PT,PARTIDO DOS TRABALHADORES,467
2010,2,ZZ,30104,30104,MÉXICO-MEXI,Presidente,45,PSDB,PARTIDO DA SOCIAL DEMOCRACIA BRASILEIRA,232
2010,2,ZZ,30104,30104,MÉXICO-MEXI,Presidente,13,PT,PARTIDO DOS TRABALHADORES,129
2010,2,ZZ,30198,30198,NAGOYA-JAPA,Presidente,45,PSDB,PARTIDO DA SOCIAL DEMOCRACIA BRASILEIRA,1608
2010,2,ZZ,30198,30198,NAGOYA-JAPA,Presidente,13,PT,PARTIDO DOS TRABALHADORES,557
2010,2,ZZ,30201,30201,NAIROBI-QUEN,Presidente,45,PSDB,PARTIDO DA SOCIAL DEMOCRACIA BRASILEIRA,10
2010,2,ZZ,30201,30201,NAIROBI-QUEN,Presidente,13,PT,PARTIDO DOS TRABALHADORES,6
2010,2,ZZ,30210,30210,NOVA DELHI-INDI,Presidente,45,PSDB,PARTIDO DA SOCIAL DEMOCRACIA BRASILEIRA,7
2010,2,ZZ,30210,30210,NOVA DELHI-INDI,Presidente,13,PT,PARTIDO DOS TRABALHADORES,6
2010,2,ZZ,30228,30228,NOVA YORK-EUA,Presidente,45,PSDB,PARTIDO DA SOCIAL DEMOCRACIA BRASILEIRA,5715
2010,2,ZZ,30228,30228,NOVA YORK-EUA,Presidente,13,PT,PARTIDO DOS TRABALHADORES,2340
2010,2,ZZ,30236,30236,OIZUMI-JAPA,Presidente,45,PSDB,PARTIDO DA SOCIAL DEMOCRACIA BRASILEIRA,795
2010,2,ZZ,30236,30236,OIZUMI-JAPA,Presidente,13,PT,PARTIDO DOS TRABALHADORES,280
2010,2,ZZ,30244,30244,OSLO-NORG,Presidente,45,PSDB,PARTIDO DA SOCIAL DEMOCRACIA BRASILEIRA,97
2010,2,ZZ,30244,30244,OSLO-NORG,Presidente,13,PT,PARTIDO DOS TRABALHADORES,146
2010,2,ZZ,30252,30252,OTTAWA-CANA,Presidente,45,PSDB,PARTIDO DA SOCIAL DEMOCRACIA BRASILEIRA,256
2010,2,ZZ,30252,30252,OTTAWA-CANA,Presidente,13,PT,PARTIDO DOS TRABALHADORES,126
2010,2,ZZ,30260,30260,PANAMÁ-PANA,Presidente,45,PSDB,PARTIDO DA SOCIAL DEMOCRACIA BRASILEIRA,182
2010,2,ZZ,30260,30260,PANAMÁ-PANA,Presidente,13,PT,PARTIDO DOS TRABALHADORES,110
2010,2,ZZ,30279,30279,PARAMARIBO-SURI,Presidente,45,PSDB,PARTIDO DA SOCIAL DEMOCRACIA BRASILEIRA,106
2010,2,ZZ,30279,30279,PARAMARIBO-SURI,Presidente,13,PT,PARTIDO DOS TRABALHADORES,120
2010,2,ZZ,30287,30287,PARIS-FRAN,Presidente,45,PSDB,PARTIDO DA SOCIAL DEMOCRACIA BRASILEIRA,772
2010,2,ZZ,30287,30287,PARIS-FRAN,Presidente,13,PT,PARTIDO DOS TRABALHADORES,1037
2010,2,ZZ,30309,30309,PEDRO CABALLERO-PARG,Presidente,45,PSDB,PARTIDO DA SOCIAL DEMOCRACIA BRASILEIRA,39
2010,2,ZZ,30309,30309,PEDRO CABALLERO-PARG,Presidente,13,PT,PARTIDO DOS TRABALHADORES,27
2010,2,ZZ,30317,30317,PEQUIM-CHIN,Presidente,45,PSDB,PARTIDO DA SOCIAL DEMOCRACIA BRASILEIRA,50
2010,2,ZZ,30317,30317,PEQUIM-CHIN,Presidente,13,PT,PARTIDO DOS TRABALHADORES,18
2010,2,ZZ,30341,30341,PORTO-PORT,Presidente,45,PSDB,PARTIDO DA SOCIAL DEMOCRACIA BRASILEIRA,1516
2010,2,ZZ,30341,30341,PORTO-PORT,Presidente,13,PT,PARTIDO DOS TRABALHADORES,2093
2010,2,ZZ,30350,30350,PRAGA-TCHE,Presidente,45,PSDB,PARTIDO DA SOCIAL DEMOCRACIA BRASILEIRA,29
2010,2,ZZ,30350,30350,PRAGA-TCHE,Presidente,13,PT,PARTIDO DOS TRABALHADORES,22
2010,2,ZZ,30368,30368,PRAIA-CABO,Presidente,45,PSDB,PARTIDO DA SOCIAL DEMOCRACIA BRASILEIRA,6
2010,2,ZZ,30368,30368,PRAIA-CABO,Presidente,13,PT,PARTIDO DOS TRABALHADORES,33
2010,2,ZZ,30376,30376,PRETÓRIA-RAFS,Presidente,45,PSDB,PARTIDO DA SOCIAL DEMOCRACIA BRASILEIRA,107
2010,2,ZZ,30376,30376,PRETÓRIA-RAFS,Presidente,13,PT,PARTIDO DOS TRABALHADORES,58
2010,2,ZZ,30392,30392,QUITO-EQUA,Presidente,45,PSDB,PARTIDO DA SOCIAL DEMOCRACIA BRASILEIRA,97
2010,2,ZZ,30392,30392,QUITO-EQUA,Presidente,13,PT,PARTIDO DOS TRABALHADORES,81
2010,2,ZZ,30406,30406,RABAT-MARR,Presidente,45,PSDB,PARTIDO DA SOCIAL DEMOCRACIA BRASILEIRA,5
2010,2,ZZ,30406,30406,RABAT-MARR,Presidente,13,PT,PARTIDO DOS TRABALHADORES,9
2010,2,ZZ,30414,30414,RAMALLAH-PALE,Presidente,45,PSDB,PARTIDO DA SOCIAL DEMOCRACIA BRASILEIRA,31
2010,2,ZZ,30414,30414,RAMALLAH-PALE,Presidente,13,PT,PARTIDO DOS TRABALHADORES,355
2010,2,ZZ,30422,30422,RIADE-ARAB,Presidente,45,PSDB,PARTIDO DA SOCIAL DEMOCRACIA BRASILEIRA,16
2010,2,ZZ,30422,30422,RIADE-ARAB,Presidente,13,PT,PARTIDO DOS TRABALHADORES,7
2010,2,ZZ,30449,30449,ROMA-ITAL,Presidente,45,PSDB,PARTIDO DA SOCIAL DEMOCRACIA BRASILEIRA,814
2010,2,ZZ,30449,30449,ROMA-ITAL,Presidente,13,PT,PARTIDO DOS TRABALHADORES,833
2010,2,ZZ,30457,30457,ROTERDÃ-HOLA,Presidente,45,PSDB,PARTIDO DA SOCIAL DEMOCRACIA BRASILEIRA,500
2010,2,ZZ,30457,30457,ROTERDÃ-HOLA,Presidente,13,PT,PARTIDO DOS TRABALHADORES,483
2010,2,ZZ,30465,30465,SALTOS DO GUAIRA-PARG,Presidente,45,PSDB,PARTIDO DA SOCIAL DEMOCRACIA BRASILEIRA,55
2010,2,ZZ,30465,30465,SALTOS DO GUAIRA-PARG,Presidente,13,PT,PARTIDO DOS TRABALHADORES,22
2010,2,ZZ,30481,30481,SANTIAGO-CHIL,Presidente,45,PSDB,PARTIDO DA SOCIAL DEMOCRACIA BRASILEIRA,562
2010,2,ZZ,30481,30481,SANTIAGO-CHIL,Presidente,13,PT,PARTIDO DOS TRABALHADORES,372
2010,2,ZZ,30538,30538,SEUL-CORS,Presidente,45,PSDB,PARTIDO DA SOCIAL DEMOCRACIA BRASILEIRA,26
2010,2,ZZ,30538,30538,SEUL-CORS,Presidente,13,PT,PARTIDO DOS TRABALHADORES,6
2010,2,ZZ,30473,30473,STA C LA SIERRA-BOLI,Presidente,45,PSDB,PARTIDO DA SOCIAL DEMOCRACIA BRASILEIRA,474
2010,2,ZZ,30473,30473,STA C LA SIERRA-BOLI,Presidente,13,PT,PARTIDO DOS TRABALHADORES,184
2010,2,ZZ,30554,30554,SUZUKA-JAPA,Presidente,45,PSDB,PARTIDO DA SOCIAL DEMOCRACIA BRASILEIRA,87
2010,2,ZZ,30554,30554,SUZUKA-JAPA,Presidente,13,PT,PARTIDO DOS TRABALHADORES,40
2010,2,ZZ,30562,30562,SYDNEY-AUST,Presidente,45,PSDB,PARTIDO DA SOCIAL DEMOCRACIA BRASILEIRA,354
2010,2,ZZ,30562,30562,SYDNEY-AUST,Presidente,13,PT,PARTIDO DOS TRABALHADORES,138
2010,2,ZZ,30490,30490,SÃO DOMINGOS-RDOM,Presidente,45,PSDB,PARTIDO DA SOCIAL DEMOCRACIA BRASILEIRA,72
2010,2,ZZ,30490,30490,SÃO DOMINGOS-RDOM,Presidente,13,PT,PARTIDO DOS TRABALHADORES,65
2010,2,ZZ,30503,30503,SÃO FRANCISCO-EUA,Presidente,45,PSDB,PARTIDO DA SOCIAL DEMOCRACIA BRASILEIRA,1183
2010,2,ZZ,30503,30503,SÃO FRANCISCO-EUA,Presidente,13,PT,PARTIDO DOS TRABALHADORES,422
2010,2,ZZ,30511,30511,SÃO JOSÉ-RICA,Presidente,45,PSDB,PARTIDO DA SOCIAL DEMOCRACIA BRASILEIRA,178
2010,2,ZZ,30511,30511,SÃO JOSÉ-RICA,Presidente,13,PT,PARTIDO DOS TRABALHADORES,106
2010,2,ZZ,30520,30520,SÃO SALVADOR-ELSA,Presidente,45,PSDB,PARTIDO DA SOCIAL DEMOCRACIA BRASILEIRA,35
2010,2,ZZ,30520,30520,SÃO SALVADOR-ELSA,Presidente,13,PT,PARTIDO DOS TRABALHADORES,38
2010,2,ZZ,30570,30570,TAIPÉ-TAIW,Presidente,45,PSDB,PARTIDO DA SOCIAL DEMOCRACIA BRASILEIRA,27
2010,2,ZZ,30570,30570,TAIPÉ-TAIW,Presidente,13,PT,PARTIDO DOS TRABALHADORES,8
2010,2,ZZ,30589,30589,TAKAOKA-JAPA,Presidente,45,PSDB,PARTIDO DA SOCIAL DEMOCRACIA BRASILEIRA,14
2010,2,ZZ,30589,30589,TAKAOKA-JAPA,Presidente,13,PT,PARTIDO DOS TRABALHADORES,5
2010,2,ZZ,30600,30600,TEGUCIGALPA-HOND,Presidente,45,PSDB,PARTIDO DA SOCIAL DEMOCRACIA BRASILEIRA,55
2010,2,ZZ,30600,30600,TEGUCIGALPA-HOND,Presidente,13,PT,PARTIDO DOS TRABALHADORES,22
2010,2,ZZ,30619,30619,TEL AVIV-ISRA,Presidente,45,PSDB,PARTIDO DA SOCIAL DEMOCRACIA BRASILEIRA,85
2010,2,ZZ,30619,30619,TEL AVIV-ISRA,Presidente,13,PT,PARTIDO DOS TRABALHADORES,19
2010,2,ZZ,30635,30635,TORONTO-CANA,Presidente,45,PSDB,PARTIDO DA SOCIAL DEMOCRACIA BRASILEIRA,1139
2010,2,ZZ,30635,30635,TORONTO-CANA,Presidente,13,PT,PARTIDO DOS TRABALHADORES,467
2010,2,ZZ,30643,30643,TOYOHASHI-JAPA,Presidente,45,PSDB,PARTIDO DA SOCIAL DEMOCRACIA BRASILEIRA,112
2010,2,ZZ,30643,30643,TOYOHASHI-JAPA,Presidente,13,PT,PARTIDO DOS TRABALHADORES,33
2010,2,ZZ,30708,30708,TUNIS-TUNI,Presidente,45,PSDB,PARTIDO DA SOCIAL DEMOCRACIA BRASILEIRA,5
2010,2,ZZ,30708,30708,TUNIS-TUNI,Presidente,13,PT,PARTIDO DOS TRABALHADORES,7
2010,2,ZZ,30627,30627,TÓQUIO-JAPA,Presidente,45,PSDB,PARTIDO DA SOCIAL DEMOCRACIA BRASILEIRA,1065
2010,2,ZZ,30627,30627,TÓQUIO-JAPA,Presidente,13,PT,PARTIDO DOS TRABALHADORES,403
2010,2,ZZ,30724,30724,UEDA-JAPA,Presidente,45,PSDB,PARTIDO DA SOCIAL DEMOCRACIA BRASILEIRA,289
2010,2,ZZ,30724,30724,UEDA-JAPA,Presidente,13,PT,PARTIDO DOS TRABALHADORES,97
2010,2,ZZ,39063,39063,VANCOUVER-CANA,Presidente,45,PSDB,PARTIDO DA SOCIAL DEMOCRACIA BRASILEIRA,230
2010,2,ZZ,39063,39063,VANCOUVER-CANA,Presidente,13,PT,PARTIDO DOS TRABALHADORES,89
2010,2,ZZ,30740,30740,VARSÓVIA-POLO,Presidente,45,PSDB,PARTIDO DA SOCIAL DEMOCRACIA BRASILEIRA,28
2010,2,ZZ,30740,30740,VARSÓVIA-POLO,Presidente,13,PT,PARTIDO DOS TRABALHADORES,18
2010,2,ZZ,30767,30767,VIENA-OSTE,Presidente,45,PSDB,PARTIDO DA SOCIAL DEMOCRACIA BRASILEIRA,235
2010,2,ZZ,30767,30767,VIENA-OSTE,Presidente,13,PT,PARTIDO DOS TRABALHADORES,178
2010,2,ZZ,30783,30783,WASHINGTON-EUA,Presidente,45,PSDB,PARTIDO DA SOCIAL DEMOCRACIA BRASILEIRA,1784
2010,2,ZZ,30783,30783,WASHINGTON-EUA,Presidente,13,PT,PARTIDO DOS TRABALHADORES,640
2010,2,ZZ,30805,30805,WELLINGTON-NZEL,Presidente,45,PSDB,PARTIDO DA SOCIAL DEMOCRACIA BRASILEIRA,31
2010,2,ZZ,30805,30805,WELLINGTON-NZEL,Presidente,13,PT,PARTIDO DOS TRABALHADORES,14
2010,2,ZZ,30848,30848,XANGAI-CHIN,Presidente,45,PSDB,PARTIDO DA SOCIAL DEMOCRACIA BRASILEIRA,151
2010,2,ZZ,30848,30848,XANGAI-CHIN,Presidente,13,PT,PARTIDO DOS TRABALHADORES,25
2010,2,ZZ,30864,30864,ZURIQUE-SUIC,Presidente,45,PSDB,PARTIDO DA SOCIAL DEMOCRACIA BRASILEIRA,1457
2010,2,ZZ,30864,30864,ZURIQUE-SUIC,Presidente,13,PT,PARTIDO DOS TRABALHADORES,1359